sample_idx,orient_idx,setpoint,wall_r,roof_r,fr1_kh,fr2_kwh,fr1_SPACE1-1_kh,fr1_SPACE2-1_kh,fr1_SPACE3-1_kh,fr1_SPACE4-1_kh,fr1_SPACE5-1_kh
0,1,25.443103916943073,2.112825533375144,1.1603700537234545,11385.42543758118,67361.17,1662.6201520396808,3320.096463449216,2462.3716918629634,2083.5632590498985,1856.7738711794207
1,1,25.443103916943073,2.112825533375144,1.1603700537234545,11385.42543758118,67361.17,1662.6201520396808,3320.096463449216,2462.3716918629634,2083.5632590498985,1856.7738711794207
2,1,25.51963399257511,2.112825533375144,1.1603700537234545,11662.477245173892,67327.83,1693.3853776092558,3404.482943762356,2504.5771676864765,2141.97076201044,1918.0609941053622
3,1,25.443103916943073,1.895551698282361,1.1603700537234545,11434.71020978134,67694.5,1672.7640087557202,3337.1438781691086,2478.033495320642,2089.5801322064317,1857.1886953294377
4,1,25.443103916943073,2.112825533375144,2.811887325718999,10879.943857657228,63011.16,1498.9410413925496,3221.6647946921034,2272.6366266863215,1988.9766576059367,1897.7247372803185
5,1,25.51963399257511,1.895551698282361,2.811887325718999,11203.041434848821,63269.5,1538.1212511273195,3324.245068662829,2327.4580432747407,2054.4336799492457,1958.7833918346855
6,3,23.383939975872636,1.4214256163686514,3.986904187127948,3412.8525292916706,64108.38,472.47782402442584,406.74131445555184,1189.6196260164606,1328.682763647367,15.331001147865623
7,3,23.383939975872636,1.4214256163686514,3.986904187127948,3412.8525292916706,64108.38,472.47782402442584,406.74131445555184,1189.6196260164606,1328.682763647367,15.331001147865623
8,3,24.334245392121375,1.4214256163686514,3.986904187127948,5491.231167262903,63541.72,886.7737362798083,825.5949479992411,1424.2302533992745,1802.3041398443036,552.3280897402759
9,3,23.383939975872636,0.5370327066630125,3.986904187127948,4331.215549496639,67933.39,674.8443839716359,565.5962726876153,1444.1425565831057,1611.1600429108958,35.47229334338723
10,3,23.383939975872636,1.4214256163686514,2.0472057461738586,3895.171045544212,66733.39,568.5645813123133,518.0107422468014,1324.839130244115,1417.8313166934433,65.92527504753942
11,3,24.334245392121375,0.5370327066630125,2.0472057461738586,6753.781208349613,70083.39,1157.3861919171518,1055.370240384689,1790.9972791145938,2158.5423041700255,591.4851927631528
12,2,24.64110034890473,1.9955146368592978,2.308507649227977,7695.248466483512,64005.61,980.5500095631465,1715.0051597005586,2188.2491308165895,1817.0782671390227,994.3658992641951
13,2,24.64110034890473,1.9955146368592978,2.308507649227977,7695.248466483512,64005.61,980.5500095631465,1715.0051597005586,2188.2491308165895,1817.0782671390227,994.3658992641951
14,2,23.36633528303355,1.9955146368592978,2.308507649227977,4109.657962761406,64819.5,309.3349729165436,1272.25706399446,1307.7579260644889,1186.5166221051948,33.79137768071912
15,2,24.64110034890473,2.384232249110937,2.308507649227977,7596.488414207298,63566.72,971.6185895138779,1683.1766039968772,2160.4744238518933,1786.7549664613477,994.463830383302
16,2,24.64110034890473,1.9955146368592978,1.6226133666932583,7950.975933522765,65683.39,1030.0735123294862,1794.3188070827266,2241.0787134578204,1884.4903983066154,1001.0145023461175
17,2,23.36633528303355,2.384232249110937,1.6226133666932583,4298.718555179391,66102.83,358.6585369766271,1320.745050597366,1332.8883684582968,1216.7025065155108,69.72409263159119
18,0,24.46133090555668,0.5384923722594976,2.8386745918542147,6566.097813982938,67627.83,1126.1813995917885,1869.8545816396181,1062.13409173095,1797.1054715787434,710.8222694418386
19,0,24.46133090555668,0.5384923722594976,2.8386745918542147,6566.097813982938,67627.83,1126.1813995917885,1869.8545816396181,1062.13409173095,1797.1054715787434,710.8222694418386
20,0,25.175087151117623,0.5384923722594976,2.8386745918542147,9795.919222314738,67202.83,1875.6002457866693,2388.9080444137053,1762.7863530870666,2192.3601323170437,1576.264446710255
21,0,24.46133090555668,1.0562297403812408,2.8386745918542147,6012.792193156198,64919.5,1017.5139756313243,1686.4100348393267,987.9573958512598,1609.9484751449918,710.9623116892951
22,0,24.46133090555668,0.5384923722594976,3.8931102212518454,6388.531864966373,66494.5,1088.4114275803854,1823.4629207271817,1021.5478087335108,1739.542186300663,715.5675216246331
23,0,25.175087151117623,1.0562297403812408,3.8931102212518454,9187.06831598789,63516.72,1754.7038092007888,2175.050772169181,1677.6307285367577,1958.6871300735447,1620.9958760076188
24,0,25.22871179319918,1.043709160760045,2.9731361577287316,9515.752473814897,64369.5,1825.2060666593711,2254.4558234903698,1751.6125007854305,2036.1732352693764,1648.3048476103502
25,0,25.22871179319918,1.043709160760045,2.9731361577287316,9515.752473814897,64369.5,1825.2060666593711,2254.4558234903698,1751.6125007854305,2036.1732352693764,1648.3048476103502
26,0,25.95618417672813,1.043709160760045,2.9731361577287316,11796.897615601518,64069.5,2371.283162319757,2605.2086030111905,2289.1628230455713,2360.2394008382707,2171.0036263867282
27,0,25.22871179319918,2.030345097184181,2.9731361577287316,9163.124856874445,62416.72,1754.396818412264,2128.3666791021087,1715.9662439852227,1896.634995285827,1667.7601200890228
28,0,25.22871179319918,1.043709160760045,1.1901462590321898,10095.876969644603,68888.94,1920.03791626066,2446.670072499654,1869.603565029169,2241.2209130696874,1618.344502785433
29,0,25.95618417672813,2.030345097184181,1.1901462590321898,11942.839584763335,66300.05,2342.7729943865716,2698.340435479545,2346.248524504939,2425.662549487181,2129.815080905098
30,2,23.921012483537197,2.4851098526269197,2.0672040479257703,4057.814741978503,64386.16,310.93784978661625,1253.3628621595171,1292.5858809425845,1160.5476663899487,40.380482699836335
31,2,23.921012483537197,2.4851098526269197,2.0672040479257703,4057.814741978503,64386.16,310.93784978661625,1253.3628621595171,1292.5858809425845,1160.5476663899487,40.380482699836335
32,2,24.061823550611734,2.4851098526269197,2.0672040479257703,4417.999697908578,64294.5,379.1254111838087,1298.94494928513,1376.9208108400044,1226.1581115218435,136.8504150777918
33,2,23.921012483537197,1.4218241982161999,2.0672040479257703,4481.931726813211,65961.16,359.2609874948805,1376.7457801937348,1404.0093217162957,1290.0149398895626,51.900697518736486
34,2,23.921012483537197,2.4851098526269197,3.484010518528521,3691.5941212278813,62430.61,232.42784034311947,1143.0288198237502,1229.5575532219038,1077.5493608830532,9.030546956054485
35,2,24.061823550611734,1.4218241982161999,3.484010518528521,4465.245380598073,63802.83,348.1155981057717,1313.1872562017475,1419.8163189789263,1268.890537861391,115.23566945023668
36,2,25.652785271406174,0.9102883506566286,3.371229832060635,12300.847581994982,64638.94,1769.1084362256772,2356.2156829501264,3497.0243032538237,2593.341804571952,2085.157354993403
37,2,25.652785271406174,0.9102883506566286,3.371229832060635,12300.847581994982,64638.94,1769.1084362256772,2356.2156829501264,3497.0243032538237,2593.341804571952,2085.157354993403
38,2,23.609483333304524,0.9102883506566286,3.371229832060635,4533.007369721585,65755.61,332.48796461475325,1398.2439335829881,1443.331847842198,1336.7273215482587,22.216302133387344
39,2,25.652785271406174,1.5033470075577497,3.371229832060635,11999.56581184479,62944.49,1744.6730816703887,2241.7103871837926,3415.17982459658,2492.036832938424,2105.965685455606
40,2,25.652785271406174,0.9102883506566286,3.244401869364083,12313.033008833327,64772.27,1771.3029864322086,2362.032261494735,3498.9798588516896,2600.1419021053384,2080.575999949355
41,2,23.609483333304524,1.5033470075577497,3.244401869364083,4093.4713692411688,64138.94,283.55165845693415,1267.1768324465454,1325.7846911736044,1201.0352087476854,15.922978416399358
42,1,23.221550839021802,1.6173099596053362,1.6690192678943276,4020.2499261007088,67519.5,700.7211587428558,1441.208872541209,1270.5040095072677,546.031505196292,61.78438011308373
43,1,23.221550839021802,1.6173099596053362,1.6690192678943276,4020.2499261007088,67519.5,700.7211587428558,1441.208872541209,1270.5040095072677,546.031505196292,61.78438011308373
44,1,24.720981523394585,1.6173099596053362,1.6690192678943276,8074.815030174297,66441.72,1239.2758991607145,2434.6546235072724,1930.727798223005,1383.8631933156612,1086.293515967643
45,1,23.221550839021802,0.9253425914794207,1.6690192678943276,4517.622558925682,69711.17,806.218519454816,1594.674264424192,1408.4664815842045,628.3668032947407,79.89649016772907
46,1,23.221550839021802,1.6173099596053362,2.456258471123874,3705.1489379659406,65611.16,625.0477577582424,1380.2335669530787,1203.0180494197714,473.4966493406139,23.352914494233914
47,1,24.720981523394585,0.9253425914794207,2.456258471123874,8205.110855612209,66680.61,1252.1039024695415,2508.2657161073457,1976.8537976898772,1384.1829471794674,1083.704492165978
48,1,24.778689756058156,0.8530090171843767,1.8492156630381942,8738.847725632122,68361.17,1349.6273371830257,2642.941234902104,2091.022767935435,1492.6307619558982,1162.625623655659
49,3,24.778689756058156,0.8530090171843767,1.8492156630381942,8789.537729425969,68213.94,1557.4970373230226,1479.870991748269,1957.6853819341536,2623.5774934531264,1170.906824967397
50,1,24.92083998862654,0.8530090171843767,1.8492156630381942,9409.250919164293,68280.61,1429.566097683152,2820.2431897398947,2194.7005407322463,1632.8698211976584,1331.8712698113413
51,1,24.778689756058156,2.1781768016517162,1.8492156630381942,8128.708120410927,64988.94,1221.78850936679,2439.4151238987065,1906.3536027828534,1406.7071588631325,1154.4437254994446
52,1,24.778689756058156,0.8530090171843767,1.0581557201221585,9210.404811134926,71830.61,1465.94021358826,2740.905552683964,2210.776717984116,1587.4699256700803,1205.312401208504
53,3,24.92083998862654,2.1781768016517162,1.0581557201221585,9271.38618581768,68191.72,1610.9436837077897,1624.991476741394,1984.785765591895,2697.751033641163,1352.9142261354389
54,2,24.212213017977774,1.6772214341908693,3.1940545765683055,5268.184200181782,63511.16,512.2788865458394,1399.7147096120932,1598.7570703884785,1395.4496008725876,361.98393276278307
55,1,24.212213017977774,1.6772214341908693,3.1940545765683055,4822.414123374577,63869.5,752.9079915209591,1648.8965949093642,1367.680791778276,698.4837302311677,354.44501493480936
56,2,23.060806094668806,1.6772214341908693,3.1940545765683055,4006.0880678554718,64200.05,275.16896934000675,1243.2845826550401,1297.804008942912,1175.0245362721932,14.805970645319224
57,2,24.212213017977774,1.2564224749803543,3.1940545765683055,5495.1331635659,64408.38,536.6152909407131,1469.7532467950416,1659.5355795561463,1465.203059355623,364.02598691837596
58,2,24.212213017977774,1.6772214341908693,3.3345791725441813,5243.794911290453,63369.5,506.9246046728852,1391.7331111434942,1594.4622627533051,1389.2594308482717,361.4155018724966
59,1,23.060806094668806,1.2564224749803543,3.3345791725441813,3714.000855555275,65358.39,619.3002380961004,1404.3350651039314,1218.1828166541131,461.0236480678618,11.15908763326775
60,2,25.38733396027237,1.220319913700223,1.4973590252920985,11618.464999252867,67327.83,1667.134463988763,2325.150967396073,3242.3507279631394,2552.7815880589083,1831.0472518459824
61,1,25.38733396027237,1.220319913700223,1.4973590252920985,11270.129357806098,67719.5,1643.5921360326404,3318.548042403713,2461.0544233902806,2040.1101151346809,1806.824640844783
62,2,24.261684340424836,1.220319913700223,1.4973590252920985,6386.995051852935,67994.5,709.8523774800818,1678.39923408813,1849.4508178742312,1659.0081423351414,490.284480075351
63,2,25.38733396027237,1.6660626847296953,1.4973590252920985,11418.3566030721,66258.39,1649.1726421976387,2259.0234754309545,3188.465129771091,2490.9807180512935,1830.7146376211222
64,2,25.38733396027237,1.220319913700223,3.0072973361238837,11211.388011282008,64088.94,1591.143393250756,2180.297863351378,3163.866872299831,2410.0609559828217,1866.0189263972213
65,1,24.261684340424836,1.6660626847296953,3.0072973361238837,5153.988718886505,64066.72,803.0469719656804,1725.0513688011067,1424.4070659745937,769.1434413583343,432.33987078678916
66,1,23.69146270211786,2.310154678300023,3.5458193933591247,3242.6887632861803,63002.83,509.8866735086156,1272.2856510449512,1081.7772781223052,374.5826617093958,4.156498900912661
67,2,23.69146270211786,2.310154678300023,3.5458193933591247,3721.205730231328,62672.27,235.33590402218303,1153.73774615441,1234.2773151625718,1089.4555906460218,8.399174246141147
68,1,25.407510335557163,2.310154678300023,3.5458193933591247,10644.611085810602,62086.16,1447.1110823791914,3153.370299668219,2205.4022040882164,1940.2939041945706,1898.4335954804048
69,1,23.69146270211786,0.776291636750102,3.5458193933591247,4140.864773698423,66666.72,710.3716784005463,1546.6294368824244,1337.10188569144,530.408601162259,16.353171561752703
70,1,23.69146270211786,2.310154678300023,2.2251506531611085,3534.943099551378,64697.27,588.6671701026214,1325.564253508081,1147.6151129483878,448.4147005017066,24.68186249058133
71,2,25.407510335557163,0.776291636750102,2.2251506531611085,11755.983536218297,67052.83,1662.3778267931075,2357.8757795626316,3302.6418958012164,2579.1265948523323,1853.961439209008
72,0,25.92513468209654,1.8029237296432257,3.7835638374090195,11368.05564200803,61744.49,2283.933072839734,2445.068819433556,2233.6138075294125,2194.364514332886,2211.0754278724403
73,2,25.92513468209654,1.8029237296432257,3.7835638374090195,12705.905458601326,62027.83,1880.3132041710353,2305.7922123196986,3665.9250714443024,2559.4281784538234,2294.4467922124686
74,0,24.601510781794786,1.8029237296432257,3.7835638374090195,6252.825753753368,62313.94,1088.10610007016,1648.3130740902536,1065.6838126339317,1521.7095330862576,929.0132338727652
75,0,25.92513468209654,1.8090007733553648,3.7835638374090195,11366.722929762429,61736.16,2283.6441533929083,2444.5135918547394,2233.5218735385997,2193.7748207099853,2211.268490266196
76,0,25.92513468209654,1.8029237296432257,2.667857814580202,11474.940627240847,62791.72,2291.2641459383076,2510.67890313943,2254.6982409670886,2253.770103805757,2164.529233390264
77,2,24.601510781794786,1.8090007733553648,2.667857814580202,7464.656623237016,63719.5,930.7837818645163,1680.4860634591791,2134.211627853303,1776.4667233450334,942.7084267149843
78,2,23.107192932628095,0.728710537776351,1.3607803471386433,5531.416281472996,71711.17,513.3184268640339,1665.0543190151827,1646.398417884771,1572.0571840036778,134.58793370533152
79,0,23.107192932628095,0.728710537776351,1.3607803471386433,4424.492598504071,71069.5,631.2618317476098,1498.2837943343795,630.8955929257708,1575.9531983557492,88.0981811405615
80,2,23.54422358982265,0.728710537776351,1.3607803471386433,5536.381644157127,71333.39,513.5367703140116,1665.4974106331772,1650.2411054972165,1572.4595031457427,134.64685456697833
81,2,23.107192932628095,0.6372483540326357,1.3607803471386433,5672.983685458522,72341.72,529.5300260903061,1704.8217871475679,1684.5533847757386,1614.089857391648,139.98863005326098
82,2,23.107192932628095,0.728710537776351,1.9090813975781202,5194.626973040198,69630.61,448.2946570151634,1582.4416988432554,1581.2166859792915,1500.683198467039,81.99073273544833
83,0,23.54422358982265,0.6372483540326357,1.9090813975781202,4224.3077499309375,69341.72,589.8101921199501,1470.758458736225,581.5816105522762,1532.4966180893543,49.66087043313141
84,3,24.944420567713678,2.186344539746642,2.681663189083338,8768.159049948086,63297.27,1523.010072528812,1513.2716541989125,1782.0286481709597,2584.854766879808,1364.9939081695932
85,1,24.944420567713678,2.186344539746642,2.681663189083338,8737.937012592052,63325.05,1259.4065926000558,2608.766748918729,1965.8840472613733,1532.2460829300544,1371.6335408818402
86,3,23.760665982961655,2.186344539746642,2.681663189083338,3367.0053498290576,64047.27,456.6290714005068,415.1314360111323,1178.627086454443,1285.3168821657525,31.300873797222756
87,3,24.944420567713678,2.281330555677414,2.681663189083338,8747.957198765636,63197.27,1517.7412959397245,1510.9795372696408,1775.4969491313848,2578.333888445329,1365.4055279795568
88,3,24.944420567713678,2.186344539746642,1.3976398054510355,9156.818486653567,66400.05,1592.6654556829913,1600.6745763187741,1925.4507911944506,2676.5777181560625,1361.4499453012882
89,1,23.760665982961655,2.281330555677414,1.3976398054510355,3951.6837866722353,67066.72,686.452815710244,1407.077154395659,1236.831711815835,542.989369579431,78.33273517106693
90,1,24.00001396331936,1.3465104307979345,2.4625897109508514,3871.918926775742,65688.94,657.8393371784732,1442.6445990303866,1245.6018322774078,499.00808051978544,26.82507776968903
91,3,24.00001396331936,1.3465104307979345,2.4625897109508514,3802.582762545853,65619.5,548.9079211925501,491.727632531522,1296.814002151407,1416.4503175935954,48.68288907677878
92,1,25.697519617155194,1.3465104307979345,2.4625897109508514,12011.771343526852,64775.05,1655.9607665731246,3584.781918030857,2490.908329545527,2213.9301902760076,2066.190139101337
93,1,24.00001396331936,1.1415614150464535,2.4625897109508514,4016.315541987524,66291.72,689.4293888184892,1486.6116463896265,1286.4024717051643,523.5817608226735,30.290274251570104
94,1,24.00001396331936,1.3465104307979345,3.650604300200939,3631.1963755601496,64263.94,593.6027648621102,1398.2323082641421,1191.8807316401508,439.45024529362274,8.030325500123679
95,3,25.697519617155194,1.1415614150464535,3.650604300200939,12220.650812424552,63780.61,2212.071902510874,2167.9496503377927,2210.9604060280594,3566.610735656469,2063.058117891357
96,1,25.012104405090213,1.7040850017219782,3.328759997151792,9090.739159129143,63233.38,1292.1516751455733,2717.8697789063103,2020.1396229408708,1594.7063925447255,1465.8716895916637
97,1,25.012104405090213,1.7040850017219782,3.328759997151792,9090.739159129143,63233.38,1292.1516751455733,2717.8697789063103,2020.1396229408708,1594.7063925447255,1465.8716895916637
98,1,23.446232964284718,1.7040850017219782,3.328759997151792,3479.4520212568127,64150.05,565.5740949712981,1337.1916477393881,1149.2879786545068,419.47530462298624,7.922995268633469
99,1,25.012104405090213,0.6166191324591637,3.328759997151792,9735.930158246556,67083.39,1436.227020268162,2941.99681824521,2229.693476104755,1684.3226785347715,1443.6901650936586
100,1,25.012104405090213,1.7040850017219782,1.4793648198246956,9533.42761121958,66769.5,1427.5890737411994,2813.9179891107583,2166.685286125196,1689.9359384623372,1435.299323780089
101,1,23.446232964284718,0.6166191324591637,1.4793648198246956,5044.775173368913,72180.61,918.7839007834543,1746.8283039751461,1544.543254044137,720.2857673767815,114.33394718939454
102,3,24.066874016076326,0.762668902054429,1.6323642833158374,5082.031452596753,69916.72,814.1512031685389,738.3675928924999,1577.53629303917,1737.2681867392748,214.7081767572699
103,2,24.066874016076326,0.762668902054429,1.6323642833158374,5673.138619803359,69577.83,541.1022641446898,1652.2315632188536,1692.983272888521,1583.5878912806565,203.23362827063752
104,3,24.509392025880516,0.762668902054429,1.6323642833158374,7585.757627582836,69586.17,1319.1852239976604,1237.0148547190195,1859.8940705328991,2328.5712086802228,841.0922696530344
105,3,24.066874016076326,1.944867704063654,1.6323642833158374,4277.7803646918055,66438.94,638.2507746852232,606.2235806592199,1361.7083649061194,1486.201264016269,185.3963804249737
106,3,24.066874016076326,0.762668902054429,3.755652407184243,4429.078982818058,66147.28,684.7102725506846,593.8778346457976,1403.2543107853116,1610.1158522867318,137.12071254953165
107,2,24.509392025880516,1.944867704063654,3.755652407184243,6758.743244820975,62458.38,798.3783485931141,1544.7713522390638,1961.3743191857218,1629.8523176175797,824.3669071854953
108,2,25.903463061898947,2.336040759459138,2.9306223345920444,12617.548434466713,62175.05,1877.2265551433027,2294.5367153265856,3626.9546728873106,2559.3566683215226,2259.4738227879907
109,3,25.903463061898947,2.336040759459138,2.9306223345920444,12611.841736079832,62397.27,2258.602459329725,2286.1745536152757,2203.739979774361,3690.1801518671887,2173.144591493281
110,2,25.79293389711529,2.336040759459138,2.9306223345920444,12293.841825460066,62208.38,1819.9798012708147,2248.3789916820474,3515.2473852354606,2513.245321806773,2196.990325464969
111,2,25.903463061898947,1.1045710649341345,2.9306223345920444,12990.164545080432,64338.94,1904.9335198270974,2438.2354951757875,3726.9012320113625,2687.068289851518,2233.0260082146665
112,2,25.903463061898947,2.336040759459138,2.586224151775241,12659.410399052436,62608.38,1884.703995403191,2316.1380020879287,3632.760194760363,2583.305730732659,2242.5024760682954
113,3,25.79293389711529,1.1045710649341345,2.586224151775241,12687.736306007635,65077.83,2319.728391565537,2261.0663999439635,2315.122085162098,3699.4813029641746,2092.3381263718625
114,0,23.08762719295919,1.1290041599422693,2.0305937668308616,3638.169850447454,66963.94,474.15635386919195,1287.9839467315448,491.3790315774954,1353.3254160164129,31.325102252808833
115,1,23.08762719295919,1.1290041599422693,2.0305937668308616,4154.350588228271,67891.72,726.7981136329115,1500.6664835445915,1319.8948180002676,558.8055467096793,48.18562634082087
116,0,23.850234142504632,1.1290041599422693,2.0305937668308616,3641.712435581873,66472.28,475.8400902765186,1288.8591858675131,491.83707302926996,1353.7527012098105,31.423385198760663
117,0,23.08762719295919,2.4648009929805994,2.0305937668308616,3068.988527144202,64633.39,365.15121023364543,1100.8123169091375,407.8893566774764,1174.7422724244932,20.393370899449383
118,0,23.08762719295919,1.1290041599422693,1.8039415813982487,3744.486023240357,67583.39,496.1101301326621,1310.5368320501393,514.1204712276465,1381.8930817174573,41.825508112452084
119,1,23.850234142504632,2.4648009929805994,1.8039415813982487,3665.4117569453897,65402.83,621.1737484978232,1348.1431898655144,1172.60626600228,480.9406495406994,42.54790303907314
120,1,25.3191937841475,0.6403245013207197,2.1634547635912895,11201.653651983885,68597.28,1638.8418539092409,3338.5876595617415,2480.281713534993,1997.069024923393,1746.873400054515
121,1,25.3191937841475,0.6403245013207197,2.1634547635912895,11201.653651983885,68597.28,1638.8418539092409,3338.5876595617415,2480.281713534993,1997.069024923393,1746.873400054515
122,1,23.156232081353664,0.6403245013207197,2.1634547635912895,4661.072103316963,70025.06,834.4348356800185,1663.1155558491207,1463.231728515826,640.591236883743,59.69874638825465
123,1,25.3191937841475,1.4975062850862741,2.1634547635912895,10663.037998751994,65111.16,1520.437772231468,3155.9908602571345,2306.417409930094,1925.909850229338,1754.2821061039597
124,1,25.3191937841475,0.6403245013207197,2.901522540487349,11047.166064630268,67288.94,1591.7262112799763,3306.672186632631,2426.9029310347746,1965.4748321652744,1756.3899035176112
125,1,23.156232081353664,1.4975062850862741,2.901522540487349,3653.0441767865045,65219.5,609.3554211559962,1376.6254951598687,1195.5247273407344,456.69103719263006,14.847495937275301
126,2,23.62542804889381,1.8317394685000181,2.687806498259306,4063.716214951859,64247.27,292.7647316730339,1258.2026191801276,1307.6059205747915,1181.1389481023282,24.003995421577972
127,2,23.62542804889381,1.8317394685000181,2.687806498259306,4063.716214951859,64247.27,292.7647316730339,1258.2026191801276,1307.6059205747915,1181.1389481023282,24.003995421577972
128,2,25.01039625145495,1.8317394685000181,2.687806498259306,9447.835227557242,63438.94,1295.8429723196075,1918.5478289130979,2660.289027060001,2105.1433058490625,1468.0120934154731
129,2,23.62542804889381,2.0757529493421316,2.687806498259306,3972.5563267896596,63916.72,282.45329347999336,1231.1414928395022,1283.867010870574,1152.886056441376,22.208473158213764
130,2,23.62542804889381,1.8317394685000181,2.142698927782476,4238.550909416885,65208.39,329.25592487119724,1307.9286280979447,1339.211559808986,1219.842249077594,42.31254756116257
131,2,25.01039625145495,2.0757529493421316,2.142698927782476,9501.001976022435,64013.94,1314.0696750301208,1940.0656427156307,2666.6690687831883,2124.3789545485256,1455.8186349449693
132,2,24.799905037507415,1.2571468483656645,1.0153611563146114,9472.649468511905,70036.17,1280.9438285045255,2106.7522573085516,2619.111621859006,2222.748174584578,1243.0935862552458
133,2,24.799905037507415,1.2571468483656645,1.0153611563146114,9472.649468511905,70036.17,1280.9438285045255,2106.7522573085516,2619.111621859006,2222.748174584578,1243.0935862552458
134,2,25.30953088030219,1.2571468483656645,1.0153611563146114,11631.571149509575,69744.5,1670.8266350877277,2378.753837671439,3213.2064370670814,2593.2459193998457,1775.5383202834819
135,2,24.799905037507415,0.9697795696556568,1.0153611563146114,9679.397132511602,71100.06,1301.8517588816803,2169.783547510112,2674.950201517305,2284.0899471748685,1248.7216774276362
136,2,24.799905037507415,1.2571468483656645,1.1640222249552608,9339.825961055907,69108.39,1257.0614700285403,2071.1370454107077,2592.158612624909,2189.7577382554805,1229.7110947362694
137,2,25.30953088030219,0.9697795696556568,1.1640222249552608,11697.260540411431,69877.83,1667.2697822960006,2404.3685815132526,3240.6674022730863,2614.8288198229216,1770.1259545061696
138,1,24.232604157179594,2.2141846995800734,3.8359913900494576,4684.558032874895,62575.05,704.6966848688061,1605.2460355457256,1312.8751135413147,671.945735482889,389.79446343615933
139,0,24.232604157179594,2.2141846995800734,3.8359913900494576,4094.724110047525,61977.83,600.8300175420212,1267.680255663925,611.1733808839831,1233.6244671414254,381.4159888161704
140,1,24.16955458186567,2.2141846995800734,3.8359913900494576,4297.033446816118,62611.16,651.4635760467719,1517.192487123544,1250.9824282514096,590.4940388883001,286.9009165060925
141,1,24.232604157179594,1.580007590353489,3.8359913900494576,4898.773789992214,63475.05,752.5685354318022,1673.2594387335118,1376.5296267579392,707.8853029891316,388.53088607982886
142,1,24.232604157179594,2.2141846995800734,3.416939546354115,4736.2707487772595,62905.61,720.9055901879374,1614.7275289509093,1326.938303568113,686.3937445680876,387.3055815022119
143,0,24.16955458186567,1.580007590353489,3.416939546354115,3993.909414978131,63175.05,569.4201158993562,1289.4904312996753,577.5557554495198,1279.6330082395327,277.8101040900468
144,1,25.765690465457737,1.4472964387387037,2.5395839903503656,12177.159174884335,64386.16,1664.8752300725148,3641.8909238478836,2501.289817405469,2255.0145822474155,2114.0886213110525
145,2,25.765690465457737,1.4472964387387037,2.5395839903503656,12490.17359043707,64016.72,1831.335020986237,2347.9600464002324,3558.0854977286394,2604.478953886319,2148.3140714356427
146,1,23.972623127512634,1.4472964387387037,2.5395839903503656,3788.8223412301354,65333.39,639.1001938744087,1418.8643114227586,1223.9451350459588,483.6359559448099,23.276744942199393
147,1,25.765690465457737,1.332105552777648,2.5395839903503656,12215.854402885398,64666.72,1673.813523660015,3655.4813163506524,2515.9111490147743,2259.1285806395413,2111.5198332204136
148,1,25.765690465457737,1.4472964387387037,3.139256308786571,12102.063301040316,63613.94,1633.9304020066654,3627.169043426565,2463.469579425492,2240.4145168353507,2137.0797593462435
149,2,23.972623127512634,1.332105552777648,3.139256308786571,4225.928818200587,64416.72,300.0857547179918,1304.661953196019,1363.2682832036285,1237.9452958097834,19.9675312731638
150,3,23.336561891250312,2.021525038406253,2.314606612548232,3524.996875042224,65133.39,490.21317146912526,450.005774361966,1224.7651046374724,1314.9638705717216,45.04895400193869
151,1,23.336561891250312,2.021525038406253,2.314606612548232,3586.9015005762863,65125.05,600.4440963056563,1340.2060548290644,1166.2085142260912,456.21091664226606,23.831918573208398
152,3,25.86113477218896,2.021525038406253,2.314606612548232,12609.45521195068,63636.16,2264.6693520243334,2281.344745584072,2251.712667361329,3681.223003150318,2130.505443830628
153,3,23.336561891250312,2.2235836628824472,2.314606612548232,3460.4259670033894,64888.94,476.1498737871617,439.12005440645066,1207.1231695190222,1294.8964008306612,43.13646846009335
154,3,23.336561891250312,2.021525038406253,2.3746191086247563,3503.6219318840363,65022.27,486.03232517978614,445.23834438128614,1218.9538003359964,1310.7063684179375,42.69109356902995
155,1,25.86113477218896,2.2235836628824472,2.3746191086247563,12316.017688418431,63361.16,1664.6120265029258,3684.224646260552,2487.6675135356936,2306.2755266580184,2173.237975461241
156,2,25.067691172473133,0.565340681001544,3.641440650448203,10402.841400041794,66594.5,1390.9724549281152,2186.175148279896,2933.570059272285,2360.4618678787856,1531.6618696827136
157,1,25.067691172473133,0.565340681001544,3.641440650448203,10008.033091060888,67133.39,1466.5999926214918,3022.2308437701604,2273.1940512878477,1737.116496887675,1508.891706493714
158,2,24.8134678369388,0.565340681001544,3.641440650448203,9260.777342400073,66730.61,1180.6890555591556,2047.0010821136893,2624.746379710923,2180.9540929017403,1227.386732114565
159,2,25.067691172473133,0.8207276836037636,3.641440650448203,10103.17822473458,65041.72,1361.889266902916,2083.7522012728914,2851.434103959655,2266.3921894380087,1539.7104631611096
160,2,25.067691172473133,0.565340681001544,1.2952000657096505,11085.399877367166,71755.61,1520.9567596594768,2395.5766093221614,3069.9590442866265,2563.2640862502203,1535.6433778486817
161,1,24.8134678369388,0.8207276836037636,1.2952000657096505,9220.388183590832,70630.61,1447.6033318378804,2755.6402159305426,2200.246567425178,1589.5307831656378,1227.3672852315938
162,1,23.75916810054332,1.9051897805184126,1.2128419522196054,4220.450773305702,68480.61,744.3930071526677,1473.3016041757314,1302.022794923631,594.9168695574966,105.81649749617497
163,3,23.75916810054332,1.9051897805184126,1.2128419522196054,4195.866965002989,68538.94,620.686635404672,593.0251581759318,1395.8700597201746,1455.6514947560556,130.63361694615483
164,1,23.70783865544945,1.9051897805184126,1.2128419522196054,4219.41115411607,68519.5,744.3567931378943,1472.3694660842502,1301.9848141364478,594.8877507619782,105.81232999549955
165,1,23.75916810054332,1.742724198848009,1.2128419522196054,4288.064747025983,68772.28,758.6215923556994,1494.2102944046674,1320.7112158217512,605.969979709213,108.5516647346523
166,1,23.75916810054332,1.9051897805184126,3.5657412772998214,3369.3445799383944,63430.61,537.4710959520551,1312.4143508620848,1118.0593475693731,396.0882177511584,5.311567803723077
167,3,23.70783865544945,1.742724198848009,3.5657412772998214,3330.0987705935036,63666.72,451.9527910618295,396.0996876777818,1165.907555593915,1298.5317728037694,17.60696345620774
168,0,24.5273726163432,2.395761528983712,1.4519155258312821,6312.831245269555,65472.27,1087.8744947755217,1695.7382703662936,1097.9077167117014,1626.6448463790066,804.6659170370325
169,3,24.5273726163432,2.395761528983712,1.4519155258312821,6931.067529415623,66213.94,1159.1105058297521,1154.9167595712156,1662.3466607351208,2104.606677006534,850.0869262729998
170,0,24.42674287594855,2.395761528983712,1.4519155258312821,5790.398831986221,65536.16,970.4591436648496,1602.8417660806406,985.9239294821411,1562.2873569273736,668.8866358312162
171,0,24.5273726163432,0.7168357707560062,1.4519155258312821,7160.313745422772,69688.94,1254.1723037681973,1973.2298103192068,1207.7085256260093,1904.456595889254,820.7465098201039
172,0,24.5273726163432,2.395761528983712,1.7049679961055517,6181.00251563101,64636.16,1063.301568618102,1661.9313578467763,1070.4953890810993,1586.1195028766208,799.1546972084119
173,3,24.42674287594855,0.7168357707560062,1.7049679961055517,7153.231255277164,69669.5,1233.3403361864746,1147.9963168287056,1815.0174352027625,2228.9862536241735,727.8909134350474
174,2,24.346779053099453,1.0715340618044138,3.506279435940087,6337.131726710959,64561.16,682.40789562816,1587.947075582981,1868.7114103217755,1623.4318869001022,574.6334582779399
175,1,24.346779053099453,1.0715340618044138,3.506279435940087,5900.757821415735,64988.94,919.0189679061732,1931.7626364977993,1579.0348440774328,906.2999287398655,564.6414441944634
176,2,25.617978312075138,1.0715340618044138,3.506279435940087,12066.604464841295,63930.61,1736.6980838345848,2295.025376549826,3429.376945985497,2534.3656408019524,2071.1384176694355
177,2,24.346779053099453,1.8583157882094383,3.506279435940087,5917.709204887337,62858.38,639.1760471935556,1455.688694093832,1754.1792948901802,1493.7844888349969,574.8806798747728
178,2,24.346779053099453,1.0715340618044138,3.998971026390791,6271.582196569635,64158.38,668.2844316118549,1565.8163227948862,1855.3411378724945,1606.1529845435425,575.9873197468571
179,1,25.617978312075138,1.8583157882094383,3.998971026390791,11459.975563382504,62219.49,1531.334143664756,3417.9432239109965,2321.0240510436197,2109.9770259556926,2079.6971188074385
180,3,25.603301999159157,1.5289391819387674,1.803816151805222,11981.922447644865,65697.27,2157.173857615403,2143.8169900894663,2245.3382467716883,3475.3064378303393,1960.2869153379684
181,0,25.603301999159157,1.5289391819387674,1.803816151805222,10846.712598758695,64997.27,2118.6596629953247,2484.5409218720597,2078.802588754945,2231.2144315445958,1933.494993591769
182,3,25.085898434743285,1.5289391819387674,1.803816151805222,9854.444797571483,65955.61,1743.6697565751563,1721.5154961261942,2001.0057013528933,2877.4611027161886,1510.7927408010505
183,3,25.603301999159157,1.1899018082767725,1.803816151805222,12144.190387389757,66572.28,2204.6966470897846,2161.8074189389667,2294.651979696984,3522.46532112772,1960.569020536303
184,3,25.603301999159157,1.5289391819387674,2.729441300034523,11813.841380932927,63863.94,2129.098646628408,2104.8055730231004,2162.3658933736365,3433.914876289383,1983.6563916184007
185,0,25.085898434743285,1.1899018082767725,2.729441300034523,8899.75630408157,64300.05,1682.1935904196719,2149.4542443272144,1623.7150177825088,1947.977592271148,1496.4158592810256
186,1,23.546243558637798,0.9390888307243586,3.154469915665686,4020.367331342449,66386.16,686.8286251595858,1499.7822212382976,1300.6063402010352,514.7709350082326,18.379209735297533
187,2,23.546243558637798,0.9390888307243586,3.154469915665686,4542.071144406937,65919.5,337.59521588792836,1401.026207039805,1441.490208094761,1336.668448156381,25.291065228061647
188,1,23.271273981779814,0.9390888307243586,3.154469915665686,4014.7939837727245,66558.39,686.5822669691039,1495.107179104314,1300.253898998585,514.532826339432,18.317812361289835
189,1,23.546243558637798,2.361900230869651,3.154469915665686,3288.440062915201,63402.83,524.5765312578538,1276.586859218288,1091.8058543371199,388.63185737189275,6.83896073004655
190,1,23.546243558637798,0.9390888307243586,1.9414366949349642,4373.803137383562,68552.83,773.0659591066157,1568.324360560496,1376.5032605134618,596.6089999045854,59.3005572984034
191,2,23.271273981779814,2.361900230869651,1.9414366949349642,4135.1240577337585,65255.61,325.60921926442785,1277.9603547983102,1302.0335097578509,1181.9295833874082,47.59139052576161
192,1,24.59717644378543,1.216286363080144,3.879285043105483,7147.776372613498,64075.05,1063.0110514573676,2229.8544774145803,1751.9988402551471,1169.3113166864623,933.6006867999405
193,1,24.59717644378543,1.216286363080144,3.879285043105483,7147.776372613498,64075.05,1063.0110514573676,2229.8544774145803,1751.9988402551471,1169.3113166864623,933.6006867999405
194,1,23.658392403274775,1.216286363080144,3.879285043105483,3675.0862121946825,64630.61,603.9675712747814,1409.5469361833018,1208.6152088484532,445.9927679061987,6.9637279819471365
195,1,24.59717644378543,1.085568131878972,3.879285043105483,7226.984770394562,64480.61,1080.690465234639,2256.830951073333,1776.675446334571,1180.943563669934,931.8443440820848
196,1,24.59717644378543,1.216286363080144,2.3468640204519033,7393.892855422506,65877.83,1137.4950493648164,2284.9380538025757,1824.027895229022,1228.2081201368394,919.2237368892531
197,1,23.658392403274775,1.085568131878972,2.3468640204519033,4088.1458280335537,66941.72,707.9306896034885,1499.0838802435003,1306.4254411742727,539.4222307311594,35.28358628113297
198,3,24.417418455705047,2.2514365781098604,1.0818620417267084,6632.323854644421,68291.72,1098.0968220624898,1094.2760657577455,1679.854359002369,2025.4350750469684,734.6615327748476
199,2,24.417418455705047,2.2514365781098604,1.0818620417267084,7101.856374771081,67938.94,879.9374197787797,1734.2316339355784,2002.242318013823,1749.0267814665872,736.4182215763117
200,3,24.86291408352554,2.2514365781098604,1.0818620417267084,8956.197653340416,67986.17,1549.357791356169,1562.8768625987568,1942.4553256205206,2615.0901582543315,1286.4175155106389
201,3,24.417418455705047,2.47607153467834,1.0818620417267084,6576.791906031721,68044.5,1085.4420531574538,1086.2109924580586,1664.7534659860676,2007.7371628538365,732.6482315763043
202,3,24.417418455705047,2.2514365781098604,3.0763914845883846,5823.89242083333,63066.72,946.0970355962345,914.5998309068884,1438.2397445842635,1850.916744134783,674.0390656111616
203,2,24.86291408352554,2.47607153467834,3.0763914845883846,8540.172850249415,62327.83,1144.3494218820993,1756.599577095891,2415.3876133656795,1921.2885660466868,1302.5476718590583
204,2,25.487067786976695,0.8335974980145693,2.777836525812745,11871.922806925708,65758.39,1686.9059543320923,2335.1168200232964,3351.3027961119965,2563.0409414441033,1935.55629501422
205,2,25.487067786976695,0.8335974980145693,2.777836525812745,11871.922806925708,65758.39,1686.9059543320923,2335.1168200232964,3351.3027961119965,2563.0409414441033,1935.55629501422
206,2,25.81754769384861,0.8335974980145693,2.777836525812745,12951.193948021464,65636.16,1881.3686161453916,2481.0022000330705,3695.4938125791887,2723.077889744701,2170.2514295191113
207,2,25.487067786976695,0.5740985982120037,2.777836525812745,12159.119634367296,67352.83,1714.4434215393399,2435.012234894006,3428.661609369526,2652.9541918124983,1928.0481767519261
208,2,25.487067786976695,0.8335974980145693,3.5936338007450104,11768.413242878783,64833.39,1666.8289056695905,2292.823229685002,3331.2441745563256,2518.7350394382597,1958.7818935296061
209,2,25.81754769384861,0.5740985982120037,3.5936338007450104,13123.787372838722,66255.61,1888.7041978284974,2538.0485992454637,3750.615673078727,2765.311266386458,2181.1076362995755
210,0,23.427915278822184,1.634369583800435,2.183402558788657,3282.908465007279,65180.61,405.0681459701652,1178.4649385486675,434.9017437737017,1243.7162093699144,20.75742734483021
211,0,23.427915278822184,1.634369583800435,2.183402558788657,3282.908465007279,65180.61,405.0681459701652,1178.4649385486675,434.9017437737017,1243.7162093699144,20.75742734483021
212,0,24.01621020026505,1.634369583800435,2.183402558788657,3373.0963295041565,64816.72,426.6716372866837,1194.3967697503708,453.5649768685569,1254.656322261677,43.806623336868356
213,0,23.427915278822184,1.9951206296682358,2.183402558788657,3142.573882122571,64625.05,378.29062430370686,1132.126368059784,414.212412279887,1199.5701551346108,18.374322344582396
214,0,23.427915278822184,1.634369583800435,1.3582939226180315,3728.695706368524,67697.28,496.6301053561032,1272.997413843376,529.767490142629,1362.5010445812193,66.79965244519661
215,0,24.01621020026505,1.9951206296682358,1.3582939226180315,3674.74203056107,66675.05,490.30599488052127,1242.6172870638943,527.4437118510028,1329.6325147946252,84.74252197102606
216,1,25.696697732433677,2.127139052376151,1.940542426891625,11922.72043755734,64394.5,1650.9406691244849,3534.751421120344,2468.625388584832,2212.4176506506815,2055.985308076997
217,0,25.696697732433677,2.127139052376151,1.940542426891625,10926.90595201976,63700.05,2143.7141809033396,2457.1746889710626,2123.818817292922,2194.5427042182096,2007.6555606342256
218,1,23.227698721922934,2.127139052376151,1.940542426891625,3687.074986498769,65877.83,626.7952518040136,1354.0509551249424,1186.0303277932464,482.53655254065177,37.66189923591432
219,1,25.696697732433677,0.9663329720497131,1.940542426891625,12311.919275906448,67141.72,1737.7374851670677,3669.0614622957137,2603.578374535806,2257.4597468459688,2044.0822070618922
220,1,25.696697732433677,2.127139052376151,3.9096473110839725,11684.490525240353,61911.16,1550.361006527561,3489.274719959084,2339.644951550575,2166.152121737678,2139.057725465456
221,0,23.227698721922934,0.9663329720497131,3.9096473110839725,3301.628743006875,64830.61,399.4447076871324,1231.3252471402106,405.87974649969004,1260.5323256635158,4.446716016326015
222,2,23.26547473296523,1.3419877048581839,2.910741829313338,4256.171628952706,65113.94,309.7041413634336,1317.0815595498793,1359.6685775398328,1246.217107612634,23.500242886925538
223,2,23.26547473296523,1.3419877048581839,2.910741829313338,4256.171628952706,65113.94,309.7041413634336,1317.0815595498793,1359.6685775398328,1246.217107612634,23.500242886925538
224,2,25.1294737001881,1.3419877048581839,2.910741829313338,10118.826220561179,64011.16,1399.1286589456236,2032.7576578301132,2849.669303389201,2233.731868980455,1603.538731415785
225,2,23.26547473296523,1.6068344675004482,2.910741829313338,4104.073864973357,64547.27,292.2752723622628,1272.0098308820116,1319.4164511114438,1199.733695273977,20.63861534366155
226,2,23.26547473296523,1.3419877048581839,1.6978121669963002,4704.148017978181,67672.28,400.9285630024178,1438.5124333308577,1442.7743889864596,1343.8153430998561,78.11728955859003
227,2,25.1294737001881,1.6068344675004482,1.6978121669963002,10321.243138590951,65802.83,1449.7589096948475,2105.054203279233,2882.0515271859435,2302.8941917269103,1581.4843067040165
228,3,25.184736479073763,1.7605591472238302,1.5891377413645387,10293.016455311878,66141.72,1821.2576725627061,1817.5095299560123,2054.8812062127963,2989.283339677713,1610.0847069026504
229,3,25.184736479073763,1.7605591472238302,1.5891377413645387,10293.016455311878,66141.72,1821.2576725627061,1817.5095299560123,2054.8812062127963,2989.283339677713,1610.0847069026504
230,3,25.568543163128197,1.7605591472238302,1.5891377413645387,11842.902545149565,65952.83,2120.5430666426837,2124.961353843134,2234.499059238001,3429.4435687251903,1933.4554967005577
231,3,25.184736479073763,1.4394294153898954,1.5891377413645387,10417.025141604867,66791.72,1854.015072410692,1832.2989037112554,2092.107696026143,3027.270690893833,1611.3327785629454
232,3,25.184736479073763,1.7605591472238302,2.030806035734713,10150.0129846479,64888.94,1796.0776009485069,1785.752029867586,1999.1131043093517,2955.7881571066905,1613.2820924157631
233,3,25.568543163128197,1.4394294153898954,2.030806035734713,11833.42127230841,65319.5,2133.435183401151,2109.6791362585764,2215.71527156541,3434.4453908487003,1940.1462902345697
234,1,23.877048624679446,0.7097883131355047,3.2622376205399632,4282.442929007367,67227.83,742.6888738286675,1586.7852086343844,1373.0049163667031,557.5151332802847,22.448796897327508
235,1,23.877048624679446,0.7097883131355047,3.2622376205399632,4282.442929007367,67227.83,742.6888738286675,1586.7852086343844,1373.0049163667031,557.5151332802847,22.448796897327508
236,1,24.476178030483425,0.7097883131355047,3.2622376205399632,6994.564722496352,66838.94,1097.6404007472709,2224.7989105548136,1800.8585800353144,1117.0901444462627,754.176686712691
237,1,23.877048624679446,2.1104495394974947,3.2622376205399632,3350.870926022092,63375.05,535.4226697572586,1302.9160593976826,1109.0433267270846,396.5392574777552,6.9496126623113295
238,1,23.877048624679446,0.7097883131355047,2.7369174575433135,4395.8781674075235,67925.05,771.0608208854842,1608.6060096773167,1397.938803747646,584.2306726442622,34.04186045281422
239,1,24.476178030483425,2.1104495394974947,2.7369174575433135,6298.034049799572,63611.16,951.6297394203779,1984.366313188434,1590.7933642173166,1019.1974899252872,752.0471430481566
240,1,25.43716300558299,1.9448608066886663,3.067386875860393,10862.530527731615,62930.61,1491.9504490819202,3220.760641449653,2267.775746144812,1981.4201412170332,1900.6235498381973
241,3,25.43716300558299,1.9448608066886663,3.067386875860393,11012.341057120573,62858.38,1960.8733119025912,1955.2046808215543,2025.3918440303762,3199.002691277304,1871.8685290887474
242,1,23.89966876618564,1.9448608066886663,3.067386875860393,3442.1410861383706,63777.83,557.6392484778831,1326.6538239748436,1133.040641238614,415.2086740777156,9.598698369314194
243,1,25.43716300558299,0.8641637526452541,3.067386875860393,11268.374198215883,65719.5,1585.8417655831388,3366.008349463746,2414.2322077726544,2029.0432761091904,1873.2485992871534
244,1,25.43716300558299,1.9448608066886663,3.771740355528891,10803.689445198133,62322.27,1465.8153784341923,3208.021917730468,2235.5900333059876,1967.633565135923,1926.628550591564
245,3,23.89966876618564,0.8641637526452541,3.771740355528891,3900.630748448317,65738.94,577.2819117829296,491.53192214696355,1323.537534430922,1481.012997745664,27.26638234183766
246,2,23.74128031451255,0.5268980916589499,1.7868266990408301,5605.9335382296285,71005.61,500.34420387303004,1695.9577570562242,1690.3722014196617,1615.976864927631,103.28251095308157
247,1,23.74128031451255,0.5268980916589499,1.7868266990408301,5035.027620604889,71572.28,915.1052268899501,1765.2521118035102,1552.7389117124203,709.7389862346492,92.19238396435995
248,2,25.743499267846346,0.5268980916589499,1.7868266990408301,13335.5944077034,69800.06,1922.7997771739333,2657.7319817195075,3759.2896272780945,2895.1840107775292,2100.5890107543346
249,2,23.74128031451255,1.6914336681365967,1.7868266990408301,4464.698065686811,66258.39,368.9891797221336,1369.4637656603152,1387.240039507222,1274.070664382743,64.93441641439632
250,2,23.74128031451255,0.5268980916589499,1.5539084961637855,5743.34517029497,71847.28,526.6795943125996,1729.2374494399235,1717.1603867769545,1645.1333984285955,125.13434133689671
251,1,25.743499267846346,1.6914336681365967,1.5539084961637855,12298.176298975504,66191.72,1730.5246551280572,3640.0646856130734,2575.2987055457124,2277.849104200913,2074.4391484877483
252,2,24.728912298567593,2.077549671754241,3.465943946503103,7909.3921461135615,62413.94,1017.7442350495589,1685.2078808882766,2253.6415349955623,1821.2504399548998,1131.5480552252643
253,0,24.728912298567593,2.077549671754241,3.465943946503103,6861.667587848127,62147.27,1229.6552491831803,1741.2796072436659,1205.6737696811545,1587.611571312513,1097.4473904276142
254,2,24.55296783335507,2.077549671754241,3.465943946503103,6990.131098480299,62505.61,846.5764296875373,1574.0191475085164,2017.0590724463661,1668.020036332209,884.4564125056704
255,2,24.728912298567593,1.3521460760384798,3.465943946503103,8173.639344642563,63605.61,1040.9470952594797,1774.3393253929858,2328.471818855743,1904.4204568088144,1125.4606483255404
256,2,24.728912298567593,2.077549671754241,1.7878079740330577,8292.16042134642,65013.94,1094.3131945513796,1817.7859824040795,2334.342247504988,1934.1889306964106,1111.5300661895621
257,0,24.55296783335507,1.3521460760384798,1.7878079740330577,6615.45640238741,66013.94,1152.143730202294,1788.8273121971276,1133.5219964884207,1706.2467410664246,834.7166224331431
258,1,24.162424105219543,1.3939650859683752,1.388361449353397,5287.157834369816,68400.05,897.9903457851592,1748.5974918387203,1501.3271500865894,803.042115080311,336.200731579035
259,2,24.162424105219543,1.3939650859683752,1.388361449353397,5799.692346500771,68033.39,609.0514745253223,1596.515057202685,1699.9759804227288,1543.551710383531,350.5981239665048
260,1,23.40265715122223,1.3939650859683752,1.388361449353397,4324.559610942508,69000.06,766.3783640928482,1517.0733011053055,1342.0549259790416,605.6150300515402,93.43798971377194
261,1,24.162424105219543,2.2113976012915373,1.388361449353397,4953.630539949735,66897.28,828.031093683406,1643.7377048442634,1407.819967594478,749.7421134395371,324.2996603880514
262,1,24.162424105219543,1.3939650859683752,2.5113602029159665,4801.327942968544,65383.39,781.5334718713873,1651.1169496029265,1392.9590872408196,693.6617051198656,282.0567291335457
263,2,23.40265715122223,2.2113976012915373,2.5113602029159665,3973.47771297343,64172.27,287.65703637331205,1232.5431376760048,1277.6775438170591,1149.9365420381591,25.66345306889474
264,0,24.89460296649486,0.8991814572364092,1.2531558386981487,8809.008967423651,69372.28,1627.6799974707894,2239.3980156051425,1577.445675725679,2091.3854709351504,1273.0998076868889
265,2,24.89460296649486,0.8991814572364092,1.2531558386981487,9969.412949682752,69941.72,1349.9118878155625,2187.7656786328316,2765.619342853078,2326.381604083575,1339.7344362977049
266,0,24.213141470216215,0.8991814572364092,1.2531558386981487,5485.969439152418,69841.72,875.6331899691368,1659.9863348741503,866.2052708175628,1682.5265702183212,401.6180732732475
267,0,24.89460296649486,1.2490162830799818,1.2531558386981487,8570.667003143266,68075.05,1579.1795147456555,2162.300237702534,1548.3634642137347,2011.1589176943694,1269.664868786973
268,0,24.89460296649486,0.8991814572364092,2.196826182305813,8386.03251781062,66313.94,1551.8920124693877,2121.059559104598,1490.3783157812315,1958.393664937498,1264.3089655179035
269,2,24.213141470216215,1.2490162830799818,2.196826182305813,5761.033179233362,65925.05,591.1864417438915,1547.787932409052,1711.7250659464162,1528.6292119159373,381.7045272180649
270,2,23.950184906832874,1.5671453047543764,3.7050619050860405,3990.6436936037185,63380.61,262.7564525390209,1232.9693518609502,1310.6976281478937,1173.2181840450332,11.002077010820887
271,1,23.950184906832874,1.5671453047543764,3.7050619050860405,3499.7389073266077,63763.94,564.297502885638,1357.731861684445,1155.2296736061887,416.2914999788577,6.188369171477709
272,2,25.26594399753958,1.5671453047543764,3.7050619050860405,10512.060455362112,62700.05,1477.9348458408306,2031.9121814262885,2968.998368095373,2255.341221494654,1777.8738385049655
273,2,23.950184906832874,2.326288105919957,3.7050619050860405,3699.9260959713333,62380.61,229.70459306136942,1144.7566764459186,1234.321244002124,1083.0680469861506,8.075535475770813
274,2,23.950184906832874,1.5671453047543764,2.9438860062509775,4130.644921011502,64150.05,293.4513850212423,1276.3206249414052,1334.3286953848578,1205.3876467525254,21.15656891147243
275,1,25.26594399753958,2.326288105919957,2.9438860062509775,10123.85745132743,62697.27,1407.170311557089,2994.9212981835517,2153.602411435828,1829.3901880430299,1738.7732421079324
276,3,25.9749235836789,1.01576136238873,2.4017570093274117,13338.912005954633,65647.27,2453.8570764436163,2386.8995059278077,2416.5289420045506,3903.6533109991715,2177.9731705794884
277,1,25.9749235836789,1.01576136238873,2.4017570093274117,12978.153946109745,65855.61,1775.9564832660942,3918.46329588963,2658.8102252851336,2414.981753998414,2209.942187670473
278,3,25.05984267126769,1.01576136238873,2.4017570093274117,9849.179893074535,66052.83,1760.9513284695136,1695.2965159374853,2011.6473525491756,2893.98667775396,1487.2980183644001
279,3,25.9749235836789,0.7211978882551193,2.4017570093274117,13561.180344972425,67075.05,2504.976753413713,2415.6286850656247,2494.03705089038,3972.981037210436,2173.5568183922687
280,3,25.9749235836789,1.01576136238873,3.3626748006790876,13207.59545921006,64363.94,2411.5317338881746,2361.243362580376,2357.6798368034397,3879.34223062612,2197.7982953119495
281,1,25.05984267126769,0.7211978882551193,3.3626748006790876,9827.414166517796,66327.83,1432.7407889136289,2959.845783281487,2222.7452930210734,1711.205477216478,1500.8768240851293
282,1,23.15697040129453,2.4493446964770555,2.556552018970251,3386.7964786990046,64327.83,554.8442007730133,1285.1849172164982,1114.105703823152,417.6101679241779,15.051488962163319
283,3,23.15697040129453,2.4493446964770555,2.556552018970251,3317.363544359638,64358.38,447.21453518484935,410.6678140584036,1168.3183928474346,1258.2441838181817,32.918618450768896
284,1,23.10678566712886,2.4493446964770555,2.556552018970251,3385.671954018489,64358.38,554.7867797574224,1284.2426089433561,1114.0270546207892,417.57135140212444,15.044159294796621
285,1,23.15697040129453,1.8304513208568096,2.556552018970251,3582.2441571613126,65102.83,597.4406395320779,1345.008665694021,1170.23419657235,450.8211720355555,18.73948332730854
286,1,23.15697040129453,2.4493446964770555,1.1214297600090504,4123.892778529324,68772.28,726.7438166920263,1428.0773540766827,1271.3882943311914,585.1787995168756,112.50451391254732
287,3,23.10678566712886,1.8304513208568096,1.1214297600090504,4302.73631774485,69755.61,643.1922437646779,615.885594451213,1424.230419496788,1474.1706928011808,145.2573672309901
288,1,25.853682653978467,0.6230814140290022,1.7341239182278514,13143.531147887232,69702.83,1872.3344243480708,3934.9284685875746,2788.4663306531943,2413.3609030115454,2134.441021286847
289,0,25.853682653978467,0.6230814140290022,1.7341239182278514,12178.785941313912,68566.72,2424.6893220360307,2804.6778162562487,2314.188504021417,2559.633230314922,2075.597068685293
290,1,25.358073750510812,0.6230814140290022,1.7341239182278514,11511.091743985386,69886.17,1700.0031821909538,3417.4276897259265,2553.571335195065,2058.6075887833563,1781.4819480900846
291,1,25.853682653978467,2.4277331307530403,1.7341239182278514,12414.105280324973,64538.94,1710.2883561601307,3690.5738267756656,2543.352493882229,2323.8069304226365,2146.0836730843102
292,1,25.853682653978467,0.6230814140290022,3.2567798532545567,12815.354295075904,66777.83,1767.6894707424565,3876.3451278956686,2660.5793927993436,2353.271578299449,2157.468725338985
293,0,25.358073750510812,2.4277331307530403,3.2567798532545567,9559.140227476335,61691.72,1850.7331216192945,2165.207603845679,1815.5559346970622,1916.8454450806364,1810.7981222336625
294,3,23.037835329771042,1.9082478117197752,3.4131273394450545,3277.5212776093945,63952.83,442.16668538734154,390.8690880383063,1155.3039848164062,1270.9530808295865,18.22843853775391
295,2,23.037835329771042,1.9082478117197752,3.4131273394450545,3865.0776817538126,63627.83,254.9398993941145,1200.9076623326418,1264.0212693075102,1134.8937315466849,10.31511917286134
296,3,24.31112091988325,1.9082478117197752,3.4131273394450545,5233.041884883016,63194.5,831.8295287825462,786.1349193661222,1376.990614451156,1722.2672040607954,515.8196182223965
297,3,23.037835329771042,1.005004096776247,3.4131273394450545,3800.2179058504075,66027.83,556.8331404485391,480.2144976996332,1300.325593502427,1433.353543449643,29.491130750165333
298,3,23.037835329771042,1.9082478117197752,1.0390867423266172,4356.272741854222,70227.83,652.7434485195292,628.5661178038813,1436.3655354429418,1481.3484671685683,157.24917291930032
299,2,24.31112091988325,1.005004096776247,1.0390867423266172,7204.382591865024,71119.5,849.1269229364779,1856.5212080695414,2039.1454522397146,1842.5074220816175,617.081586537672
300,2,25.06193622201681,1.4911258947104216,2.085572591982782,9938.09942380212,65061.16,1375.5085464993253,2038.2667907343766,2786.4970352316013,2226.435918683081,1511.3911326537345
301,2,25.06193622201681,1.4911258947104216,2.085572591982782,9938.09942380212,65061.16,1375.5085464993253,2038.2667907343766,2786.4970352316013,2226.435918683081,1511.3911326537345
302,2,23.017229398712516,1.4911258947104216,2.085572591982782,4420.646228606593,66402.83,352.7407990833804,1362.5462865916645,1380.8935758753069,1274.911104547951,49.55446250828977
303,2,25.06193622201681,1.9155273493379354,2.085572591982782,9789.746346323393,64319.5,1362.6253522804943,1988.413556989091,2745.3008565300197,2180.71023338053,1512.696347143258
304,2,25.06193622201681,1.4911258947104216,2.302629778161645,9880.506633909918,64625.05,1364.270569020592,2018.2371023627886,2774.8606947370386,2207.932669072382,1515.2055987171157
305,2,23.017229398712516,1.9155273493379354,2.302629778161645,4137.87973219957,65177.83,313.0863778893339,1281.7083999024564,1312.5779168097263,1195.8407013045244,34.66633629352847
306,0,24.116694400087,2.041912315413356,3.0615868447348475,3577.362641019487,62880.61,480.89785569456166,1194.9015720159018,502.5806071783247,1206.5768884807212,192.40571764997784
307,1,24.116694400087,2.041912315413356,3.0615868447348475,4130.862601763253,63522.27,650.3820892954146,1479.5310213604623,1240.6359143338505,560.3551687969214,199.9584079766042
308,0,24.964416678994894,2.041912315413356,3.0615868447348475,8034.485907767588,62436.16,1495.3877679136872,1945.0554420226422,1463.3819603591662,1749.1040268802728,1381.5567105918203
309,0,24.116694400087,0.5247818175703287,3.0615868447348475,4691.711537074094,67647.28,697.7477615393055,1559.1053164144137,665.1947486027492,1568.688405336841,200.975305180785
310,0,24.116694400087,2.041912315413356,3.026320733129978,3584.214162357706,62919.49,482.36042367412534,1196.4492781607255,504.2168000679831,1208.7339778757278,192.4536825791443
311,1,24.964416678994894,0.5247818175703287,3.026320733129978,9691.394446355596,68205.61,1453.2309246067168,2935.3073382229973,2250.6775150000854,1667.882810511976,1384.2958580138227
312,1,24.84969688951969,1.5324844811111689,2.820327628403902,8433.10829168576,64205.61,1234.8899408732923,2543.8210452793032,1947.3670722620952,1453.1561643166312,1253.8740689544375
313,1,24.84969688951969,1.5324844811111689,2.820327628403902,8433.10829168576,64205.61,1234.8899408732923,2543.8210452793032,1947.3670722620952,1453.1561643166312,1253.8740689544375
314,1,25.653931113891304,1.5324844811111689,2.820327628403902,11752.946339122636,63841.72,1606.29225609095,3504.620906806072,2423.717812199569,2165.072904069245,2053.242459956799
315,1,24.84969688951969,1.5624042246490717,2.820327628403902,8422.211061001955,64144.5,1232.5155421403078,2540.089807329809,1943.8246937742645,1451.6660152279728,1254.1150025296015
316,1,24.84969688951969,1.5324844811111689,1.8694128589704633,8664.758167305663,65961.16,1303.3418445092484,2595.4517051964735,2018.7623134521061,1504.1191666785012,1243.0831374693335
317,1,25.653931113891304,1.5624042246490717,1.8694128589704633,11933.633238586248,65519.5,1672.4519749253066,3538.534312385571,2503.619595967231,2199.253139568511,2019.7742157396283
318,2,24.282384576275945,0.9973188582807779,2.219989761710167,6339.02734496549,66669.5,683.8632098661786,1652.8567423635714,1857.8648102812301,1654.8499162930148,489.59266616149483
319,3,24.282384576275945,0.9973188582807779,2.219989761710167,5829.801482123931,66986.16,962.5086102141971,893.4098930607795,1583.0198813378283,1896.0232794682531,494.83981804287305
320,2,23.80425449181348,0.9973188582807779,2.219989761710167,4750.667262189722,66994.5,385.25359652831105,1456.393354998396,1478.364647135241,1377.0643790927413,53.591284435032
321,2,24.282384576275945,0.8896732833236456,2.219989761710167,6444.394740646935,67127.83,695.2950716968886,1684.2732862046064,1886.2044656665619,1686.8281496096056,491.7937674692725
322,2,24.282384576275945,0.9973188582807779,2.616516995243728,6217.922009701725,65944.5,659.2591866782382,1618.2931735909592,1833.479046859511,1625.8571056972266,481.0334968757901
323,3,23.80425449181348,0.8896732833236456,2.616516995243728,4122.466412555763,67047.28,621.1939381249856,544.2220470452623,1385.509624233911,1517.258628417816,54.282174733787826
324,2,25.2693734113127,2.415661418810487,3.9217321574687958,10304.149966312834,61500.05,1462.6807693220276,1947.4786936014286,2909.3983171752047,2181.453757898732,1803.1384283154403
325,2,25.2693734113127,2.415661418810487,3.9217321574687958,10304.149966312834,61500.05,1462.6807693220276,1947.4786936014286,2909.3983171752047,2181.453757898732,1803.1384283154403
326,2,23.494775912724435,2.415661418810487,3.9217321574687958,3634.4683680957946,62386.16,219.8166188878064,1126.9174430515948,1214.2837190659259,1067.6840755475498,5.766511542917813
327,2,25.2693734113127,2.034764412790537,3.9217321574687958,10377.480825688945,61866.72,1467.588019976971,1975.7074972874486,2931.367381863565,2205.7653774673336,1797.052549093626
328,2,25.2693734113127,2.415661418810487,3.690043761394918,10319.637577465568,61658.38,1465.8929071027462,1956.5414617528484,2912.7677960804253,2190.107682893703,1794.3277296358465
329,2,23.494775912724435,2.034764412790537,3.690043761394918,3783.1384040329076,62955.61,240.2259853948251,1172.9928591786581,1250.7592032046264,1111.172915801143,7.9874404536547114
330,1,23.57559622079134,1.11487434245646,1.1184939481317997,4749.375375897558,71166.72,856.4332002638118,1625.9209475548948,1443.1762991292487,685.7494811336642,138.09544781593854
331,0,23.57559622079134,1.11487434245646,1.1184939481317997,4249.284373380048,70188.95,599.1685071243323,1417.6213775450458,617.9605349699007,1509.4229914862142,105.11096225455512
332,1,24.650958464480937,1.11487434245646,1.1184939481317997,8322.17283831087,70336.17,1331.6572271935224,2500.288870861542,2035.7938803841762,1417.6270327082661,1036.8058271633633
333,1,23.57559622079134,1.3940169736742973,1.1184939481317997,4551.827810553624,70261.17,814.8572011194102,1564.662539879175,1388.6036804816079,653.7592751725884,129.94511390084165
334,1,23.57559622079134,1.11487434245646,1.4488430554047227,4482.368303794926,69475.06,798.9385662164701,1572.2127751019086,1388.008252462558,628.7911522299906,94.41755778399798
335,0,24.650958464480937,1.3940169736742973,1.4488430554047227,7249.502697175572,66980.61,1289.2500322459944,1909.6735153308719,1270.7141973670512,1810.3974138886456,969.4675383430098
336,1,25.11165799293667,2.3486126456409693,2.4471338223665953,9524.166057713097,63402.83,1357.8434929117448,2819.926157500994,2086.162944805653,1702.3592315686387,1557.8742309260676
337,2,25.11165799293667,2.3486126456409693,2.4471338223665953,9817.361990277099,63122.27,1376.9954771499927,1948.2251808761598,2758.731915518682,2154.45288548224,1578.956531250024
338,1,25.2245349958539,2.3486126456409693,2.4471338223665953,10016.180845740028,63347.27,1413.779277849977,2959.218577540832,2158.073852068812,1807.5734201417295,1677.5357181386778
339,1,25.11165799293667,1.6470025684684515,2.4471338223665953,9683.545582548126,64383.38,1391.8162684387198,2877.1183915798542,2139.926497123683,1721.834980889022,1552.849444516848
340,1,25.11165799293667,2.3486126456409693,2.113246507011354,9596.666781975511,64000.05,1381.467921198163,2835.8910735514114,2113.0595621589246,1718.0387347647843,1548.2094903022287
341,2,25.2245349958539,1.6470025684684515,2.113246507011354,10559.267170824454,64613.94,1493.5486069023866,2101.2009465210303,2961.616404425339,2316.9139695210856,1685.9872434546116
342,3,23.803146353922784,1.1806337479501963,2.5961136240512133,3867.6114018157987,65988.94,565.3370773301575,501.3813449479587,1316.129985553162,1437.643858825634,47.11913515888688
343,0,23.803146353922784,1.1806337479501963,2.5961136240512133,3406.844337551766,65266.72,426.9227702820229,1234.4540912128912,443.21161358921023,1286.5988893255135,15.656973142128098
344,3,23.316887432709336,1.1806337479501963,2.5961136240512133,3857.047024597548,66327.83,564.7714970689169,501.0110706524957,1315.6081360231572,1428.6181469964574,47.038173856520764
345,3,23.803146353922784,0.7875049207359552,2.5961136240512133,4246.1040767115255,67594.5,648.1016585872792,565.4511526281051,1419.1021952958756,1554.8465316279396,58.60253857232641
346,3,23.803146353922784,1.1806337479501963,2.8427267530933022,3799.5001516839466,65616.72,551.7602196213303,485.8678151404662,1297.3056049226232,1425.118798976251,39.44771302327645
347,0,23.316887432709336,0.7875049207359552,2.8427267530933022,3699.322917133775,66708.39,481.94738779633525,1336.8713681930963,481.7495459217793,1382.1004402651993,16.654174957364738
348,2,25.721763788722456,1.73056816495955,1.2985766399651766,12660.926218578505,66836.16,1870.317197653082,2441.477874476967,3555.565254333368,2705.827890962167,2087.7380011529203
349,1,25.721763788722456,1.73056816495955,1.2985766399651766,12345.322044628556,67172.28,1759.5451491698088,3635.6729475380444,2606.9112718653028,2283.301438959097,2059.8912370963026
350,2,24.37783370539546,1.73056816495955,1.2985766399651766,6880.0182825466245,67569.5,824.5459956976398,1711.7405353050528,1958.8932453372533,1720.449308722675,664.3891974840033
351,2,25.721763788722456,2.1357135102152824,1.2985766399651766,12551.107107260714,66213.94,1860.4900325132367,2403.7837692377793,3526.1693104866613,2672.289103891194,2088.3748911318417
352,2,25.721763788722456,1.73056816495955,3.8272985937073827,12117.69187122244,62163.94,1773.1806275035472,2225.924401384017,3462.6753298582853,2479.0326224830765,2176.8788899935125
353,1,24.37783370539546,2.1357135102152824,3.8272985937073827,5575.281347170167,62586.16,827.1234826538005,1814.6349289583954,1456.4493689390245,858.6175469162308,618.4560197027147
354,0,23.292646669782698,0.7969692442566156,3.744578806683421,3502.6504397354392,65666.72,439.4817935613646,1293.7540008234023,438.29289730887535,1324.3453303041445,6.776417737652776
355,2,23.292646669782698,0.7969692442566156,3.744578806683421,4600.397206639243,66122.28,334.9232817764926,1419.2088168372677,1464.5760440182926,1362.6985164156722,18.99054759151796
356,0,25.476045673713088,0.7969692442566156,3.744578806683421,10492.445080134079,64500.05,2057.2624488202714,2413.9074171302836,1952.3557934092073,2182.9502909577523,1885.9691298165633
357,0,23.292646669782698,1.3067325986921787,3.744578806683421,3072.803686205508,63902.83,355.857435904426,1153.6709115932897,373.44428244940667,1186.3769694806444,3.4540867777410673
358,0,23.292646669782698,0.7969692442566156,1.591911475174129,4181.097333215017,69558.39,582.5298550106618,1437.9609526251475,585.6944502651631,1510.4695182210066,64.44255709303766
359,2,25.476045673713088,1.3067325986921787,1.591911475174129,11851.740754910457,66686.16,1712.8887275764769,2337.6546138577683,3318.3184880926524,2576.3866312892105,1906.4922940943516
360,0,25.559323734603822,1.3082891684025526,3.6080444352701306,10489.420987060512,62880.61,2063.718535683584,2354.509379708913,1992.1102677812933,2109.374120162427,1969.7086837242928
361,3,25.559323734603822,1.3082891684025526,3.6080444352701306,11642.475463893856,63419.5,2097.7527961515366,2058.6195326864695,2125.086254954399,3389.76327667319,1971.2536034282598
362,0,24.76455876696855,1.3082891684025526,3.6080444352701306,7268.6943360846235,63261.16,1313.1544867217121,1852.570988746448,1268.7512979615324,1696.263099928612,1137.9544627263197
363,0,25.559323734603822,2.277948845177889,3.6080444352701306,10255.53424657105,61461.16,2016.149680272573,2263.809402892474,1974.499916380837,2006.8829771914257,1994.1922698337412
364,0,25.559323734603822,1.3082891684025526,3.488574104383588,10503.920403264357,62975.05,2066.158634999803,2360.2655566380326,1995.3800493443462,2115.546797097936,1966.5693651842391
365,3,24.76455876696855,2.277948845177889,3.488574104383588,7712.663146431041,62433.38,1317.5697771631087,1295.5984252263015,1627.2802887759447,2313.730538355539,1158.4841169101478
366,2,23.50227674935013,2.2262672912329435,1.5362767884507775,4402.834381053347,66483.39,374.8538644896046,1348.4284246063717,1357.486917040453,1242.9269520239166,79.13822289300187
367,1,23.50227674935013,2.2262672912329435,1.5362767884507775,3869.850066958933,66786.16,668.9710476877655,1389.100993618367,1221.8104685855844,525.013789868901,64.95376719831546
368,2,23.565906095318496,2.2262672912329435,1.5362767884507775,4403.672408869373,66433.39,374.87085002715736,1348.436369654634,1358.2259769432817,1242.9957060719262,79.14350617237312
369,2,23.50227674935013,1.1684531047940254,1.5362767884507775,4934.734291296205,68583.39,434.98918325596776,1500.1082230085694,1498.4804962972266,1403.7411195577715,97.41526917666943
370,2,23.50227674935013,2.2262672912329435,1.276603028178215,4598.123640146882,67597.28,412.48110345353996,1397.395149133197,1395.4118753744888,1284.4273134658683,108.40819871978879
371,1,23.565906095318496,1.1684531047940254,1.276603028178215,4566.93644981327,70091.72,817.4987737990184,1584.194906813297,1402.729502034203,649.2176933814735,113.29557378527848
372,3,24.571287848986685,0.6751122307032347,3.2094433763995767,7539.99581685072,66880.61,1305.5507557982703,1214.1535513513154,1786.1219582250728,2339.2563733416982,894.9131781343626
373,1,24.571287848986685,0.6751122307032347,3.2094433763995767,7548.970917878488,67058.39,1172.2288397010718,2365.766991720518,1893.626953309438,1230.089508770359,887.2586243771001
374,3,24.111259610392153,0.6751122307032347,3.2094433763995767,4912.024638527151,67186.16,783.5217473079286,689.9621697027903,1494.2511989008246,1724.5236204998719,219.7659021157359
375,3,24.571287848986685,1.7508590761572123,3.2094433763995767,6832.129691310481,63463.94,1150.977827301,1109.6691344160006,1571.6606476149293,2106.16176435287,893.6603176256816
376,3,24.571287848986685,0.6751122307032347,2.4520151130855083,7708.702230002768,67986.17,1342.709832167855,1251.7743888774885,1837.245764707791,2375.934344370917,901.0378998787177
377,1,24.111259610392153,1.7508590761572123,2.4520151130855083,4337.0255667283545,64783.39,706.0475511441731,1529.7956602032725,1297.4479221314011,604.7326957884538,199.00173746105466
378,1,24.390705718658864,1.8587118070572615,1.9347867416217923,6107.23881913216,65466.72,963.6305007394202,1937.6361455617002,1593.3215365750532,980.6308787882642,632.0197574677215
379,2,24.390705718658864,1.8587118070572615,1.9347867416217923,6538.201111323471,65141.72,763.2038524622681,1605.788274883532,1889.3578811254465,1632.854723489612,646.9963793626121
380,1,25.906748122535646,1.8587118070572615,1.9347867416217923,12605.01400719521,64727.83,1727.0730143073547,3768.960561006057,2574.9367183645395,2357.805956042397,2176.237757474863
381,1,24.390705718658864,0.6718800719827414,1.9347867416217923,6918.52737293628,69463.94,1136.2667314969638,2198.9028684396344,1826.2431726707678,1104.8026583743244,652.3119419545887
382,1,24.390705718658864,1.8587118070572615,3.15799062512815,5814.2525296021795,63505.61,881.4090666084285,1875.872550860208,1516.8438293585111,910.0020742896115,630.1250084854199
383,2,25.906748122535646,0.6718800719827414,3.15799062512815,13311.056562276524,66011.16,1932.5106588796455,2552.201727892323,3815.1967687389415,2786.4012347049866,2224.746172060627
384,1,25.162364481016994,0.740821398794651,2.635768374428153,10360.065513717953,67097.28,1513.564671735528,3100.6186004409933,2319.794760671336,1826.5273802341724,1599.5601006359225
385,2,25.162364481016994,0.740821398794651,2.635768374428153,10736.210804695602,66613.94,1473.0432959129234,2215.960619441905,3016.829242131718,2407.8188451163146,1622.5588020927398
386,1,24.617306782864034,0.740821398794651,2.635768374428153,7816.212901290793,67400.05,1214.570773788689,2423.6001399827373,1937.0504122668453,1292.3586668638557,948.632908388666
387,1,25.162364481016994,0.9898900091648102,2.635768374428153,10161.503789101414,65869.5,1469.6390293470113,3033.3876719079044,2256.313132447575,1798.8810439093477,1603.2829114895749
388,1,25.162364481016994,0.740821398794651,3.0527827898040414,10289.15621323267,66513.94,1491.4187396738857,3085.212043618337,2295.124039941465,1810.995440890057,1606.4059491089247
389,2,24.617306782864034,0.9898900091648102,3.0527827898040414,7908.114714743771,65175.05,972.7318972954598,1806.0727079533294,2260.7540836462827,1903.7068032250404,964.8492226236597
390,3,23.846528444439173,1.7916082367300987,2.416291380301118,3587.646269945167,64930.61,502.6659341083434,456.98984492237224,1239.1688367436955,1345.1099876059513,43.71166656480497
391,1,23.846528444439173,1.7916082367300987,2.416291380301118,3653.6114994579525,64947.27,611.4411707977013,1371.2487836841985,1184.4809132458772,463.6057532386724,22.83487849150287
392,3,23.525680878199637,1.7916082367300987,2.416291380301118,3580.0908548759394,65150.05,502.345059575691,456.8007913352153,1238.8945172878414,1338.3962277141477,43.654258963043965
393,3,23.846528444439173,1.5676493309438229,2.416291380301118,3689.5080295900084,65319.5,524.9533638891531,474.18427401951146,1266.9674871564744,1376.6618511079225,46.741053416947175
394,3,23.846528444439173,1.7916082367300987,2.2763592367991805,3635.822960890193,65186.16,512.2440624650955,467.90161435978234,1252.4062096635241,1353.9606751183226,49.310399283468364
395,1,23.525680878199637,1.5676493309438229,2.2763592367991805,3791.9380805942674,65838.94,644.6810600292748,1403.9335525764122,1222.5606487388666,491.1984309618209,29.56438828789284
396,2,25.683118026703596,1.3735098168253899,3.7371736858040094,12118.468282131384,62897.27,1760.6531751709012,2258.461538037781,3455.716562891209,2505.63673073648,2138.0002752950136
397,0,25.683118026703596,1.3735098168253899,3.7371736858040094,10833.7985838307,62591.72,2148.4297809393474,2396.3301976909584,2078.548682574078,2148.0706891346626,2062.4192334916534
398,2,23.776462118141353,1.3735098168253899,3.7371736858040094,4090.826495253297,63858.38,274.3076036675326,1264.5401449877336,1334.535457468325,1205.8234559379787,11.619833191727093
399,2,25.683118026703596,1.4783710073679686,3.7371736858040094,12080.71536267489,62675.05,1758.0575575191356,2243.373584392336,3445.459509255193,2492.173391343116,2141.651320165109
400,2,25.683118026703596,1.3735098168253899,1.0069471700116992,12888.855406921466,69294.5,1898.3066183063572,2536.1358970203387,3589.749090416443,2794.4419117202942,2070.2218894580337
401,0,23.776462118141353,1.4783710073679686,1.0069471700116992,4133.311882070249,69686.17,578.114426499075,1366.350179735277,608.1259075992559,1466.6577030678325,114.06366516880887
402,0,23.237887447699904,2.15867567807436,1.3147933539003134,3567.9917837389744,67216.72,466.30896842136804,1216.3871138995405,508.61246808328923,1311.3511397025113,65.33209363226516
403,2,23.237887447699904,2.15867567807436,1.3147933539003134,4584.981381800787,67716.72,408.7489397984549,1395.748188973043,1392.087719399042,1284.1297853130588,104.26674831718825
404,0,25.678977039642632,2.15867567807436,1.3147933539003134,11105.62557527973,65652.83,2158.556291586191,2540.628183197689,2153.7013539735667,2277.2807252012594,1975.4590213210233
405,0,23.237887447699904,2.0871370006352663,1.3147933539003134,3590.117796569218,67308.39,470.4878232765126,1223.6141653854454,511.8292817631704,1318.1915079506812,65.9950181934088
406,0,23.237887447699904,2.15867567807436,3.289093774743378,2794.2019054331377,62966.72,305.14815413257855,1051.9255722419755,338.5363391983817,1095.2442642920212,3.3475755681806705
407,2,25.678977039642632,2.0871370006352663,3.289093774743378,11939.067036497308,62138.94,1751.275270755162,2196.935549905383,3401.439134593935,2455.641148454622,2133.775932788206
408,0,25.517381627112627,1.665845688432455,1.5437032105401158,10622.44364772164,65569.5,2058.3895138195344,2459.623147489016,2029.1943696494855,2212.2093348624535,1863.0272819011511
409,2,25.517381627112627,1.665845688432455,1.5437032105401158,11870.093099696054,66027.83,1729.4558037328793,2314.1033347281705,3326.358654116302,2560.0683912855425,1940.1069158331588
410,0,24.8897603135556,1.665845688432455,1.5437032105401158,8196.098809726975,65905.61,1507.8672200175533,2051.6554935426443,1487.5253377570552,1893.3655222442385,1255.6852361654833
411,0,25.517381627112627,1.1247442085295916,1.5437032105401158,10856.049751916056,66894.5,2109.6143183024697,2537.285972238082,2052.9775925377294,2295.80049991293,1860.3713689248448
412,0,25.517381627112627,1.665845688432455,1.4401511698961258,10669.958991652878,65947.27,2065.1352542921277,2476.298186429615,2038.2558724047403,2229.200983777693,1861.0686947487002
413,2,24.8897603135556,1.1247442085295916,1.4401511698961258,9643.229858060493,68141.72,1305.1319570814626,2094.109550823523,2686.5256084451453,2236.1284153941265,1321.3343263162353
414,2,23.45008091442287,0.8650580756366253,3.5918514812365174,4542.999290048355,65836.16,330.26158881513396,1401.777089411901,1448.1201668273914,1343.1894141404118,19.65103085351703
415,0,23.45008091442287,0.8650580756366253,3.5918514812365174,3455.05219864112,65402.83,431.0997523346957,1275.184566876845,433.2098870788022,1308.3297353727364,7.228256978040659
416,2,23.089139137417078,0.8650580756366253,3.5918514812365174,4538.637389113477,66058.39,330.0125747648841,1401.5026560727304,1445.1199699727622,1342.669484822577,19.33270348052315
417,2,23.45008091442287,2.4525016229599714,3.5918514812365174,3670.534396245087,62636.16,229.23236322580888,1139.619801724136,1218.989712053989,1075.3929430242827,7.299576216870462
418,2,23.45008091442287,0.8650580756366253,3.6989275086671114,4525.755679590699,65736.16,326.5795718892634,1396.552617075352,1445.0945058766488,1339.322915016385,18.20606973304947
419,0,23.089139137417078,2.4525016229599714,3.6989275086671114,2646.4882263781324,62369.49,275.46724951763457,1011.3819142364772,310.0405024147461,1048.458657036994,1.139903172280726
420,2,24.62455808185041,2.282424133270979,1.895156824029982,7668.281709161023,64547.27,984.1888492675552,1723.1660300343958,2172.6289742942904,1815.6608999480102,972.6369556167723
421,1,24.62455808185041,2.282424133270979,1.895156824029982,7289.888818924029,64841.72,1111.232904217506,2221.6908735178836,1768.19524043598,1234.0508545101236,954.7189462425346
422,2,24.230604710057378,2.282424133270979,1.895156824029982,5528.804609788445,64791.72,585.5364558211068,1459.7863491450591,1637.228034263224,1437.403120384229,408.8506501748274
423,2,24.62455808185041,0.59742496535182,1.895156824029982,8713.750413434576,69458.39,1089.642274405138,2045.715462816386,2458.453540817336,2130.174995798367,989.7641395973492
424,2,24.62455808185041,2.282424133270979,2.619534572586417,7459.675101042743,63186.16,942.8034814886123,1654.9842086099309,2129.0706061255023,1758.152244310113,974.6645605085849
425,1,24.230604710057378,0.59742496535182,2.619534572586417,5928.286072072206,68658.39,992.3375289238851,1976.182527222759,1665.434469949226,893.3759413173204,400.95560465901497
426,1,24.430792536586523,1.2472589276731014,3.2403074773028493,6296.803941386565,64647.27,966.6476058262864,2015.8419902480455,1628.9941341130461,996.409181637156,688.9110295620311
427,3,24.430792536586523,1.2472589276731014,3.2403074773028493,6259.304120393829,64541.72,1043.4121573457555,981.1099889724708,1551.355696589298,1988.4666052785494,694.9596722077548
428,1,25.43584342300892,1.2472589276731014,3.2403074773028493,11037.172717153906,64125.05,1529.4389215187757,3287.2725556050714,2332.11716510035,1998.3191493410882,1890.0249255886208
429,1,24.430792536586523,1.956189051270485,3.2403074773028493,6002.389624931733,63263.94,901.7070230230033,1918.8103620601585,1540.4057547929715,950.6848697485453,690.7816153070547
430,1,24.430792536586523,1.2472589276731014,1.8665699772536755,6637.694942420298,66963.94,1059.4159041261203,2089.5571894376985,1716.5715116259487,1075.1250391121634,697.0252981183655
431,3,25.43584342300892,1.956189051270485,1.8665699772536755,11194.513664656666,64866.72,1991.8591011221092,1999.9643581588334,2120.40024374869,3244.5738032371564,1837.7161583898767
432,1,25.990841125138104,2.4808744452893734,3.4176258398219943,12527.399093497486,61844.49,1640.487884007078,3784.7948395393387,2451.946916072756,2365.32287274554,2284.8465811327724
433,1,25.990841125138104,2.4808744452893734,3.4176258398219943,12527.399093497486,61844.49,1640.487884007078,3784.7948395393387,2451.946916072756,2365.32287274554,2284.8465811327724
434,1,25.98726385179907,2.4808744452893734,3.4176258398219943,12518.119564750932,61844.49,1639.5986235240184,3781.2315166917037,2450.772994630917,2363.1543282277444,2283.362101676548
435,1,25.990841125138104,1.2098303120583296,3.4176258398219943,12794.350660975433,63880.61,1705.6700666806237,3880.3118764423375,2564.7805479582707,2389.9024947304415,2253.6856751637615
436,1,25.990841125138104,2.4808744452893734,1.5771769415587187,12837.39008429525,64933.39,1764.6319233919603,3830.191115345513,2615.5514653726827,2415.8180131537647,2211.1975670313304
437,1,25.98726385179907,1.2098303120583296,1.5771769415587187,13149.002444248385,67241.72,1834.5056640838125,3934.777075094359,2725.5551863609726,2450.1539710040392,2204.0105477051993
438,2,23.182317840866745,1.0472751073539257,1.715000226162374,4925.896345815303,68622.28,425.4324886966299,1502.3091230355326,1502.1291949886488,1411.5340874122062,84.4914516822859
439,3,23.182317840866745,1.0472751073539257,1.715000226162374,4326.744620023566,68983.39,659.3307975616963,599.0665460192362,1439.1955299913238,1531.7518737030794,97.39987274823054
440,2,24.033490507863462,1.0472751073539257,1.715000226162374,5119.581625822135,67966.72,460.0730473504211,1525.4492551672,1555.1282089738934,1444.8198830301053,134.11123130051502
441,2,23.182317840866745,2.3498445469886065,1.715000226162374,4252.098820381063,65977.83,349.01794013721894,1309.3509923081335,1323.24613545337,1207.8180099861083,62.665742496231815
442,2,23.182317840866745,1.0472751073539257,3.841858420521021,4312.722755602987,65041.72,299.44829434467175,1333.8994272687287,1389.4336069759245,1276.7966750761454,13.14475193751608
443,3,24.033490507863462,2.3498445469886065,3.841858420521021,3303.790806343226,62516.72,440.72580282479277,393.406191878304,1119.5759300231366,1284.1741379819455,65.90874363504739
444,2,24.91344694327563,1.5981860272586346,3.019025473855436,9022.40788568426,63455.61,1208.9211299603703,1869.275900401588,2548.6863810268087,2037.8411976443113,1357.6832766511825
445,2,24.91344694327563,1.5981860272586346,3.019025473855436,9022.40788568426,63455.61,1208.9211299603703,1869.275900401588,2548.6863810268087,2037.8411976443113,1357.6832766511825
446,2,23.640562963671982,1.5981860272586346,3.019025473855436,4089.408776319781,64191.72,287.5419776205595,1265.9183591189817,1321.2625414628642,1195.8704447748548,18.81545334252104
447,2,24.91344694327563,0.6978852301836014,3.019025473855436,9632.292282838886,66450.05,1265.514887579364,2075.134006527107,2717.877975235296,2227.72269291177,1346.042720585348
448,2,24.91344694327563,1.5981860272586346,2.863139159977436,9047.564999961674,63641.72,1214.140207046769,1879.0496263765428,2553.8078042837915,2046.3991270385018,1354.1682352160703
449,2,23.640562963671982,0.6978852301836014,2.863139159977436,4915.499965257458,67458.39,387.5214138106044,1509.6505842519118,1536.2623687014293,1442.8485743542305,39.21702413928257
450,1,23.984318223781884,0.9302076660096645,2.1135080559179187,4322.754400836435,67836.17,759.101392239903,1566.2684214598735,1364.762593133449,582.7455454714611,49.87644853174891
451,0,23.984318223781884,0.9302076660096645,2.1135080559179187,3781.136493862665,66927.83,502.86783409510633,1337.6630926082923,510.05292445089236,1398.5920063260505,31.96063638232311
452,1,24.69264843594283,0.9302076660096645,2.1135080559179187,8153.091571099269,67363.94,1259.398914702045,2490.7584142804803,1979.4986121334096,1374.7127407080673,1048.7228892752669
453,1,23.984318223781884,1.869392555207014,2.1135080559179187,3726.8121393631363,65308.39,629.9709305345742,1384.6106448620667,1197.6757721142924,482.1766171914606,32.37817466074286
454,1,23.984318223781884,0.9302076660096645,2.0926422271877527,4330.991235814162,67883.39,761.0049384539864,1567.9371452105913,1366.4870558011253,584.5823538780373,50.979742470422394
455,0,24.69264843594283,1.869392555207014,2.0926422271877527,6996.692264189274,64216.72,1248.9927239058493,1809.862701354162,1234.48822214351,1685.3710680231577,1017.9775487625949
456,0,24.703771176747978,1.4249297454953194,2.2625724337995052,7164.016276517049,64669.5,1283.2887968730315,1860.079568256881,1255.2013244460031,1731.7823242264158,1033.6642627147178
457,1,24.703771176747978,1.4249297454953194,2.2625724337995052,7861.68023229818,65408.39,1189.7239697316252,2394.762623963899,1884.3716000778406,1332.818148500692,1060.0038900241245
458,0,25.50383799150586,1.4249297454953194,2.2625724337995052,10449.864143112634,64247.27,2037.3466446461912,2397.8522396525373,1985.6167666850888,2151.9380267247343,1877.1104654040819
459,0,24.703771176747978,0.840593483299017,2.2625724337995052,7539.590925123364,66563.94,1357.0805244528854,1986.7643312240214,1301.902909107929,1862.3415286047107,1031.5016317338177
460,0,24.703771176747978,1.4249297454953194,3.2018478689715266,6976.5016216129325,63394.5,1246.6194704067566,1803.1938167060125,1211.6949409844724,1663.0283446621834,1051.965048853507
461,1,25.50383799150586,0.840593483299017,3.2018478689715266,11509.314486948899,65655.61,1609.2381109443481,3442.7470722003955,2446.3566260156313,2079.876295426759,1931.0963823617656
462,2,24.146712948568165,2.108529858291149,2.792415924370289,4808.598962038783,63411.16,440.4853798816786,1329.479102860468,1481.7461155818696,1298.99636607537,257.8919976393968
463,2,24.146712948568165,2.108529858291149,2.792415924370289,4808.598962038783,63411.16,440.4853798816786,1329.479102860468,1481.7461155818696,1298.99636607537,257.8919976393968
464,2,24.352788103744388,2.108529858291149,2.792415924370289,5995.847308265478,63291.72,664.3464261774477,1477.0167284411173,1764.6164525407025,1508.0947069556885,581.7729941505224
465,2,24.146712948568165,1.7306096255779266,2.792415924370289,4947.134807684625,63936.16,455.4372067305801,1371.3927325027303,1518.8210301389734,1341.6117934708448,259.872044841497
466,2,24.146712948568165,2.108529858291149,2.407983531244099,4910.505933455475,63980.61,461.9692829919032,1360.5659509560915,1500.8265241921226,1322.9954665380535,264.1487087773044
467,2,24.352788103744388,1.7306096255779266,2.407983531244099,6220.182597425749,64391.72,697.2574258721179,1547.5144723434648,1819.2836400086135,1571.9135746639715,584.2134845375816
468,3,25.403235358186066,0.5583513006567955,1.1140202805399895,12306.59639807844,72991.73,2273.854211720838,2155.340152862658,2494.0777970015224,3549.841803594345,1833.4824328990762
469,3,25.403235358186066,0.5583513006567955,1.1140202805399895,12306.59639807844,72991.73,2273.854211720838,2155.340152862658,2494.0777970015224,3549.841803594345,1833.4824328990762
470,3,23.35053914785385,0.5583513006567955,1.1140202805399895,5396.570205704707,74525.06,879.4722667492088,793.9287701727668,1710.473879844047,1820.0945903333038,192.60069860538087
471,3,25.403235358186066,1.3132139015942812,1.1140202805399895,11634.003134028151,69230.61,2090.8373713011833,2070.3301859405656,2302.7592731065333,3352.151882402263,1817.9244212776061
472,3,25.403235358186066,0.5583513006567955,1.2384211653843522,12219.237595889505,72255.61,2255.8428763933193,2138.2620041203713,2467.582870123243,3531.452948387029,1826.096896865542
473,3,23.35053914785385,1.3132139015942812,1.2384211653843522,4462.797496179064,70008.39,680.0764446230797,636.8913489307,1468.0838756262544,1538.3528923418692,139.39293465716156
474,1,23.72264194022864,1.976329006254673,3.9408775083720684,3293.8872995449437,63063.94,517.4017936566412,1295.9144329930796,1099.0360101287217,378.35844782270294,3.176614943798204
475,1,23.72264194022864,1.976329006254673,3.9408775083720684,3293.8872995449437,63063.94,517.4017936566412,1295.9144329930796,1099.0360101287217,378.35844782270294,3.176614943798204
476,1,25.193629728630185,1.976329006254673,3.9408775083720684,9792.21346203028,62269.49,1350.2272225247104,2910.3329126180024,2090.3374941823345,1748.4770567649743,1692.8387759402592
477,1,23.72264194022864,2.2347231339663267,3.9408775083720684,3213.3708525591337,62761.16,499.32849202759894,1271.6650629931771,1075.5698554970324,364.15743701655094,2.6500050247742406
478,1,23.72264194022864,1.976329006254673,3.5265644630417228,3349.3796324111295,63388.94,533.4890262178874,1305.0756734596582,1112.205181582015,393.3049817528884,5.304769398680223
479,1,25.193629728630185,2.2347231339663267,3.5265644630417228,9773.671951260658,62272.27,1352.7499544208717,2898.5186989622603,2088.2344077360244,1750.7381867957404,1683.4307033457626
480,1,25.28867792338133,1.0839033611118793,1.7559609888121486,10851.270847883043,67344.5,1584.8009503071255,3209.4184709653273,2391.804520551692,1948.072804029111,1717.174102029786
481,2,25.28867792338133,1.0839033611118793,1.7559609888121486,11207.221146616295,66933.39,1585.8078056730305,2266.643941590972,3132.764058588864,2481.1042736066315,1740.9010671567983
482,1,24.442355771549046,1.0839033611118793,1.7559609888121486,6858.55550571164,67830.61,1102.5632910909364,2150.601637811625,1770.198822911176,1115.1038232928365,720.0879306050655
483,1,25.28867792338133,1.5232133064419031,1.7559609888121486,10654.040339517664,66069.5,1542.8139513481738,3142.0688736835773,2328.4121916012696,1922.754385402428,1717.9909374822143
484,1,25.28867792338133,1.0839033611118793,1.343555091880262,11046.826231517274,68905.61,1639.198358607762,3248.160366559207,2452.103139391173,1985.3431720711874,1722.0211948879462
485,2,24.442355771549046,1.5232133064419031,1.343555091880262,7283.55148155415,67736.17,891.6332983352611,1773.0582977537879,2064.2018758345857,1801.8230874048118,752.8349222257034
486,3,23.608908334746957,2.3846758641302586,3.107018402777612,3204.660073083607,63400.05,423.38986882571675,381.00639498312904,1132.8421351807426,1247.1088674810724,20.312806612946567
487,0,23.608908334746957,2.3846758641302586,3.107018402777612,2771.8015792670544,62758.38,302.5127414172811,1039.8766566342563,338.35712767561483,1086.9877113648643,4.067342175037484
488,3,25.599252494983375,2.3846758641302586,3.107018402777612,11555.752593814008,62266.72,2055.7185374977057,2073.874499084513,2065.9806889855327,3357.6059757214425,2002.5728925248134
489,3,23.608908334746957,0.9132284726947546,3.107018402777612,3963.644082593816,66386.16,589.9334319525743,510.61234573478754,1343.391641982021,1481.156641912599,38.550021011834396
490,3,23.608908334746957,2.3846758641302586,3.6081922138109803,3111.051870947247,62916.72,404.09925905619144,358.0588123493333,1104.2966673587528,1231.0997837833145,13.497348399655564
491,0,25.599252494983375,0.9132284726947546,3.6081922138109803,10824.812223013945,64047.27,2138.684776545856,2449.5655542099985,2041.7182790884647,2211.2608239579354,1983.5827892116895
492,2,24.866069244220853,0.9658602811396122,1.4045556550845504,9682.149284624113,68922.28,1302.014822367205,2125.1922239439073,2695.4507127918237,2261.277338577898,1298.2141869432787
493,1,24.866069244220853,0.9658602811396122,1.4045556550845504,9273.111846162647,69350.06,1434.0926736968436,2765.651389700443,2184.8384044505347,1609.045273501453,1279.4841048133721
494,2,25.101511464454234,0.9658602811396122,1.4045556550845504,10709.412176157219,68788.94,1488.882606923161,2252.5233598301406,2975.2984145860255,2434.130573382906,1558.577221434988
495,2,24.866069244220853,2.0114539600908756,1.4045556550845504,9162.972624038459,66333.39,1252.2554301972416,1962.6488475943406,2554.088997811077,2104.815902176526,1289.1634462592747
496,2,24.866069244220853,0.9658602811396122,3.0968053387477994,9135.462919135012,65072.27,1196.9314905592817,1956.30695653623,2583.295442262307,2107.141951025594,1291.7870787515992
497,1,25.101511464454234,2.0114539600908756,3.0968053387477994,9450.202375250245,62963.94,1332.4605863319882,2809.598460689951,2063.838551529231,1678.6864035235512,1565.6183731755225
498,0,24.30690509080887,1.5010099597275257,3.458516272716224,4812.791759008818,63219.5,753.4582055139133,1432.9087295709378,748.7304932852364,1385.4063596102922,492.2879710284375
499,2,24.30690509080887,1.5010099597275257,3.458516272716224,5849.892017851066,63522.27,613.692142736569,1477.9287657107814,1742.2494994448307,1503.6925720213906,512.3290379374947
500,0,23.2525482987985,1.5010099597275257,3.458516272716224,3014.149913958619,63750.05,345.8306830948876,1128.4787421192982,368.82302792458785,1166.8366137299388,4.1808470899063614
501,0,24.30690509080887,1.4329641088843346,3.458516272716224,4844.73342757747,63350.05,759.5548884998495,1443.3923140225213,753.2584119794498,1396.23882224668,492.2889908289696
502,0,24.30690509080887,1.5010099597275257,2.3262640265747905,5056.4523600999055,64627.83,805.0179939195963,1493.2903415650496,805.6285147009456,1465.0879335115762,487.4275764027375
503,2,23.2525482987985,1.4329641088843346,2.3262640265747905,4367.369892219099,65850.05,338.39038064510595,1347.9603710158187,1375.300600684668,1266.1365370361486,39.582002837356946
504,1,25.028463566675782,2.010377198457718,3.688846442848444,9057.57874814918,62480.61,1271.4745496982982,2703.3398713609445,1990.636859539138,1592.6354044497011,1499.4920631010998
505,3,25.028463566675782,2.010377198457718,3.688846442848444,9108.886224177833,62416.72,1592.4393662328548,1570.719234873667,1784.830603676717,2677.089018879483,1483.8080005151105
506,1,23.941360346972942,2.010377198457718,3.688846442848444,3320.96946852994,63086.16,524.2539457286802,1303.3979215061804,1103.6057099538223,385.20650636442156,4.505384976835484
507,1,25.028463566675782,2.404161252081394,3.688846442848444,8988.193832290028,62055.61,1256.2998876948914,2677.3398169374123,1965.3863171538383,1584.1571878018292,1505.0106227020574
508,1,25.028463566675782,2.010377198457718,2.780773276463151,9155.903687611679,63366.72,1308.7247891991494,2726.2919256532596,2031.439783898985,1617.1174520152854,1472.329736844999
509,3,23.941360346972942,2.404161252081394,2.780773276463151,3285.812097582901,63566.72,438.290374915484,398.7141848031038,1154.515928105326,1267.05924945965,27.23236029933677
510,2,24.097229279577732,1.4596058279275894,1.2605597078800201,5494.83591301197,68525.05,555.0644949172732,1564.1988450138977,1621.3825822389829,1487.637791843648,266.55219899816757
511,1,24.097229279577732,1.4596058279275894,1.2605597078800201,4962.771915519151,68880.61,858.628694733875,1666.7075648860664,1447.4803209762083,738.2702639720297,251.68507095097067
512,2,25.889284709468484,1.4596058279275894,1.2605597078800201,13279.492958724551,67522.28,1970.2228172224216,2552.162992400744,3747.6648979246784,2821.3354802730983,2188.1067709036083
513,2,24.097229279577732,1.0441745109856129,1.2605597078800201,5796.493582906987,69813.94,588.698939418024,1650.318569533846,1702.0487330685573,1578.087644676555,277.33969621000546
514,2,24.097229279577732,1.4596058279275894,1.9867701455950737,5049.89349834258,65947.27,468.5914529983009,1449.243567712542,1535.1129553318212,1390.1035338229412,206.84198847697505
515,1,25.889284709468484,1.0441745109856129,1.9867701455950737,12826.23131794768,66641.72,1781.7575702782985,3845.990287813327,2662.351989393056,2376.9897337791786,2159.1417366838186
516,2,25.829002246260643,1.8772007673978806,2.5873928517103195,12539.47977967552,63169.49,1853.6220293453578,2321.3749286165375,3584.5784397770017,2584.280790375999,2195.6235915606226
517,1,25.829002246260643,1.8772007673978806,2.5873928517103195,12249.353958943077,63494.5,1655.5784701257064,3666.7583311809663,2481.928102977148,2284.852895634603,2160.2361590246537
518,2,24.78220510110259,1.8772007673978806,2.5873928517103195,8375.121806146308,63633.38,1101.3367788203914,1789.9175435246557,2370.3746213028617,1928.6989928290795,1184.7938696693186
519,2,25.829002246260643,1.8766016718000174,2.5873928517103195,12539.65428362571,63169.49,1853.6336491296533,2321.449433807091,3584.619230101846,2584.3345092024933,2195.617461384626
520,2,25.829002246260643,1.8772007673978806,1.6596345789730549,12761.813159848522,65158.39,1892.4389206962019,2412.0811237725725,3620.3319706428024,2679.3502264842846,2157.61091825266
521,1,24.78220510110259,1.8766016718000174,1.6596345789730549,8300.219742410565,65963.94,1260.971576512549,2486.363941391388,1954.310110527927,1436.7541352437013,1161.819978735
522,1,23.021303148940206,0.5920498371124268,2.362103868275881,4671.326214125832,70050.06,835.9549160635464,1672.6912747895092,1471.0862998618393,638.8472847550579,52.74643865587923
523,2,23.021303148940206,0.5920498371124268,2.362103868275881,5229.573705758345,69516.72,437.3796045883873,1598.1848244281646,1605.3785010638662,1526.2889754079426,62.341800269983246
524,1,23.735988637432456,0.5920498371124268,2.362103868275881,4683.786979168532,69530.61,836.7737056995265,1682.8612016469278,1471.7598950553117,639.5023842802763,52.889792486488716
525,1,23.021303148940206,0.5481099132448435,2.362103868275881,4750.76483815926,70422.28,853.1759882097437,1697.1604382665919,1492.79215640009,652.1991119932027,55.43714328963145
526,1,23.021303148940206,0.5920498371124268,3.9476391058415174,4342.364388157702,67911.17,754.9973844392363,1608.773395342002,1399.3025893676527,562.7227696895835,16.568249319226823
527,2,23.735988637432456,0.5481099132448435,3.9476391058415174,4970.8468822502045,67250.05,375.9999844684837,1527.6003755176423,1568.438009555848,1474.2523050553923,24.556207652837852
528,1,24.558529346249998,1.8272455930709839,1.0627150814980268,7552.411437833631,68886.17,1211.546656388827,2277.512406387372,1869.7364004699884,1280.2972844009826,913.3186901864614
529,0,24.558529346249998,1.8272455930709839,1.0627150814980268,6908.50413623768,68061.17,1205.6146587275293,1843.8746752785075,1208.7363476444639,1778.1180507675772,872.1604038196008
530,1,23.187494861893356,1.8272455930709839,1.0627150814980268,4385.3235813649635,69991.72,781.3265819466335,1503.472117753258,1339.7724377593784,630.4833752939105,130.26906861178344
531,1,24.558529346249998,2.301503200083971,1.0627150814980268,7417.51634062242,68180.61,1183.9756259781186,2232.8732496105686,1830.8554149030076,1261.105423396442,908.7066267342832
532,1,24.558529346249998,1.8272455930709839,2.5378208123147488,6876.1707701243595,64241.72,1040.7722248833043,2133.627036481378,1698.830287064549,1136.4574180203167,866.4838036748116
533,0,23.187494861893356,2.301503200083971,2.5378208123147488,2934.805218060149,63780.61,336.19728660544854,1076.8371464430702,374.720147977348,1137.0455197574381,10.005117276844597
534,3,24.36265789810568,0.6436605900526047,3.883760320022702,6322.538247560298,66566.72,1063.2384511748246,967.0056968637771,1639.8678639684363,2054.341719775521,598.0845157777383
535,2,24.36265789810568,0.6436605900526047,3.883760320022702,6836.843441701827,66222.28,738.4919497900138,1726.567243974744,2005.954438759886,1765.9575176584817,599.872291518701
536,3,24.982246314175427,0.6436605900526047,3.883760320022702,9580.891819184926,66183.39,1701.5097844592,1616.551796884534,1995.8378578700074,2855.291512411245,1411.7008675599393
537,3,24.36265789810568,1.129261590540409,3.883760320022702,5843.1190111199485,64350.05,960.0922710462222,890.0047213605222,1498.628341979355,1899.576837609655,594.8168391241943
538,3,24.36265789810568,0.6436605900526047,1.7615331467241049,6868.407331343071,70030.61,1177.3866910302677,1086.8168374105592,1795.3638967448103,2169.2493894450054,639.5905167124281
539,2,24.982246314175427,1.129261590540409,1.7615331467241049,9895.734491755033,66916.72,1350.9248868190718,2095.8783485895747,2766.3001964019577,2262.1484617652695,1420.4825981791578
540,2,25.537778661586344,2.195288673043251,2.2113155145198107,11589.40693593826,63494.5,1692.7274562086882,2194.9615237869316,3270.9645987994454,2450.7044483038912,1980.0489088393022
541,2,25.537778661586344,2.195288673043251,2.2113155145198107,11589.40693593826,63494.5,1692.7274562086882,2194.9615237869316,3270.9645987994454,2450.7044483038912,1980.0489088393022
542,2,25.3407936161384,2.195288673043251,2.2113155145198107,10852.452566466249,63577.83,1561.0368467331566,2099.0177774853664,3049.8744146524714,2335.659503448364,1806.8640241468904
543,2,25.537778661586344,1.78980609215796,2.2113155145198107,11686.699106026266,64036.16,1700.072147705179,2230.544520973218,3297.8919608871606,2481.9892752947203,1976.2012011659879
544,2,25.537778661586344,2.195288673043251,1.5217732209712267,11809.779974054956,65297.27,1731.990457858561,2277.489538552931,3311.3190359351593,2531.3697489914384,1957.6111927168681
545,2,25.3407936161384,1.78980609215796,1.5217732209712267,11187.910466412528,65966.72,1611.7779133792126,2218.3633356936516,3122.923333764304,2446.001415448421,1788.8444681269377
546,1,23.4713017558679,1.2773264944553375,2.7352526020258665,3830.1048484917774,65800.05,648.566091071062,1430.074148956131,1241.9255509662717,488.85740308235546,20.681654415956785
547,1,23.4713017558679,1.2773264944553375,2.7352526020258665,3830.1048484917774,65800.05,648.566091071062,1430.074148956131,1241.9255509662717,488.85740308235546,20.681654415956785
548,1,24.141404599882662,1.2773264944553375,2.7352526020258665,4690.024305347754,65361.16,764.9642502189191,1632.9939567789488,1379.831722800967,665.6890896493901,246.5452858995292
549,1,23.4713017558679,0.6485692616552114,2.7352526020258665,4478.595350883229,68619.5,790.59375371495,1629.5186043840374,1422.8659584797485,599.3016900548174,36.31534424967567
550,1,23.4713017558679,1.2773264944553375,3.804055690765381,3638.693381874866,64630.61,597.1157902555888,1394.9102505607307,1198.7611173940911,441.0718159606843,6.834407703771081
551,1,24.141404599882662,0.6485692616552114,3.804055690765381,5118.898568288634,66916.72,850.7086350316429,1788.4360732249322,1510.3919737281817,723.8369292176383,245.52495708623874
552,0,25.749972173012793,0.7659450955688953,2.8828076170757413,11474.42537013422,65408.39,2284.834695596547,2599.1632506202627,2177.786778141521,2360.434875621772,2052.205770154117
553,1,25.749972173012793,0.7659450955688953,2.8828076170757413,12424.999582624547,66352.83,1722.4100882480075,3735.5207673523023,2595.67798654486,2275.9637067570698,2095.4270337223074
554,0,23.43062006868422,0.7659450955688953,2.8828076170757413,3716.3275068661587,66700.05,485.34034463089455,1343.287854743122,483.5649678494545,1387.6766269068037,16.4577127358842
555,0,25.749972173012793,1.6861726250499487,2.8828076170757413,11019.194373878943,62769.49,2184.661372083624,2436.3305022000327,2136.8932405436526,2181.1278777856387,2080.1813812659943
556,0,25.749972173012793,0.7659450955688953,1.112733599729836,12074.6231019017,70386.17,2369.330843378194,2820.6433956970513,2290.5926124542852,2572.4973631087396,2021.5588872634298
557,1,23.43062006868422,1.6861726250499487,1.112733599729836,4400.177683425249,69733.39,783.6877250679594,1515.4390179274887,1346.6058483251368,629.8735625056851,124.57152959897813
558,2,23.30556575860828,1.6995289660990238,1.9831025460734963,4358.6681287494475,66030.61,349.24599655537645,1342.9774949760908,1362.701479223532,1251.7073274441113,52.03583055033667
559,3,23.30556575860828,1.6995289660990238,1.9831025460734963,3780.5203198216986,66377.83,543.2782050019679,500.44093317346346,1293.8654628706804,1378.1301815516326,64.80553722395405
560,2,24.52811784297228,1.6995289660990238,1.9831025460734963,7315.749157411092,65200.05,902.5767660197558,1708.5060794264598,2087.6413124893697,1775.2452687992757,841.7797306762318
561,2,23.30556575860828,0.7639329228550196,1.9831025460734963,5112.687853957029,69058.39,435.90756953844675,1559.8181939996057,1562.9027121526424,1478.8484669541313,75.21091131220324
562,2,23.30556575860828,1.6995289660990238,3.371557111851871,3965.302419636107,63833.38,266.7894918242393,1229.9814302421762,1291.9396809160685,1164.3502372337523,12.241579419871025
563,3,24.52811784297228,0.7639329228550196,3.371557111851871,7172.953022970584,66208.39,1230.634911086076,1144.798678136538,1720.535482975424,2242.289529632734,834.6944211398121
564,3,25.14279285725206,1.1491215266287327,3.2813597032800317,9997.927735849511,64352.83,1780.1030907334607,1726.6554432420578,1969.3348022686168,2933.638797397259,1588.1956022081165
565,2,25.14279285725206,1.1491215266287327,3.2813597032800317,10224.875952522656,64108.38,1407.470751967913,2055.161427638439,2882.7348077375523,2255.2377576710815,1624.2712075076697
566,3,25.77732086740434,1.1491215266287327,3.2813597032800317,12522.582822541524,64066.72,2275.6486316436985,2229.393298421894,2259.044215519385,3657.4809693629345,2101.015707593614
567,3,25.14279285725206,2.1590410098433495,3.2813597032800317,9658.014763270694,62533.38,1695.8173487009376,1687.159097020155,1853.1831892058074,2821.1098087010582,1600.745319642735
568,3,25.14279285725206,1.1491215266287327,2.9469050085172057,10044.968289808168,64727.83,1793.152450788275,1737.3263846090258,1988.3927129977585,2944.0723407691394,1582.0244006439698
569,2,25.77732086740434,2.1590410098433495,2.9469050085172057,12274.992780029917,62375.05,1812.9712846014015,2252.9100165881537,3507.3042741401123,2516.269984645993,2185.537220054257
570,1,23.82485127542168,2.3170849569141865,1.5846408503130078,3819.9223303137937,66261.16,656.6439025878434,1381.2215423774844,1208.2664557789046,513.9870831433961,59.80334642616474
571,1,23.82485127542168,2.3170849569141865,1.5846408503130078,3819.9223303137937,66261.16,656.6439025878434,1381.2215423774844,1208.2664557789046,513.9870831433961,59.80334642616474
572,1,23.868959825485945,2.3170849569141865,1.5846408503130078,3821.0089771607295,66227.83,656.6623560295517,1382.2302677537332,1208.30559945655,514.0024400601636,59.8083138607308
573,1,23.82485127542168,1.2678060866892338,1.5846408503130078,4283.953851849785,68225.05,755.3420571893532,1523.3560534787778,1337.8963806088068,590.8368798342085,76.52248073863812
574,1,23.82485127542168,2.3170849569141865,2.193987608887255,3546.848548466007,64661.16,591.020915622539,1329.9393563721967,1149.5081379950925,450.66301662052336,25.717121855655424
575,1,23.868959825485945,1.2678060866892338,2.193987608887255,4004.2620664014066,66500.05,690.1983161731313,1470.5107491237752,1278.4793818309445,527.7519757481394,37.32164352541618
576,1,25.633291931822896,1.5863467417657375,2.3538933862000704,11743.010096277603,64436.16,1623.5909115127156,3492.0277947774744,2442.956484812344,2162.5881686394073,2021.8467365356603
577,3,25.633291931822896,1.5863467417657375,2.3538933862000704,11954.099561834415,64330.61,2153.002966800928,2136.9098729390216,2196.10968854887,3474.337996297301,1993.7390372482955
578,1,24.185718182474375,1.5863467417657375,2.3538933862000704,4885.632301013048,65211.16,790.4984861685172,1660.9208527927462,1397.6287659831273,716.9314161855002,319.65277988315756
579,1,25.633291931822896,2.053898200392723,2.3538933862000704,11636.668847103769,63677.83,1599.6498326541487,3453.6999749324136,2403.9265160631685,2151.44029739712,2027.9522260569172
580,1,25.633291931822896,1.5863467417657375,1.83607114572078,11869.22976859612,65563.94,1667.1708841394354,3515.926839334329,2495.672788744555,2185.574522358727,2004.8847340190723
581,3,24.185718182474375,2.053898200392723,1.83607114572078,4855.056061329588,65583.39,753.6472453218219,724.1962269538285,1407.11992713277,1618.3645401501203,351.7281217710473
582,3,23.188049897551537,0.8793105594813824,2.5091088097542524,4155.047600353911,67719.5,629.5326287572599,552.9652132432661,1396.6885748849986,1517.3209053094008,58.540278158985465
583,1,23.188049897551537,0.8793105594813824,2.5091088097542524,4229.174698425839,67838.94,738.7666227700121,1542.7048166706877,1351.335176374794,561.430832146619,34.93725046372635
584,3,25.29648002795875,0.8793105594813824,2.5091088097542524,10974.915865084537,66316.72,1983.6408296201985,1911.25308080056,2153.359874284987,3203.0961959928063,1723.565884385983
585,3,23.188049897551537,1.3826348893344402,2.5091088097542524,3746.517976629444,66016.72,540.320352367892,484.02043989265627,1285.8647713543282,1390.2136623507517,46.09875066381557
586,3,23.188049897551537,0.8793105594813824,2.553903083316982,4140.74011636527,67641.72,626.7093973833902,549.78700923973,1392.9396996090939,1514.4703954448132,56.83361468824319
587,1,25.29648002795875,1.3826348893344402,2.553903083316982,10534.293718206622,64697.27,1492.6696722263184,3127.2105714269483,2276.6714020332415,1895.1566474278854,1742.585425092227
588,2,25.21215061098337,2.453659038990736,1.2058048080652952,10702.033797054724,66530.61,1539.1538783667147,2156.795029453634,2966.840747005771,2369.442293519225,1669.8018487093789
589,0,25.21215061098337,2.453659038990736,1.2058048080652952,9534.248143776693,66063.94,1799.7506212374694,2275.816166871847,1800.319258059607,2058.3205621074558,1600.0415355003133
590,2,25.032419428229332,2.453659038990736,1.2058048080652952,9941.221560125787,66625.05,1402.6156729619704,2060.8995979076226,2754.832497377748,2239.2113614800182,1483.6624303984267
591,2,25.21215061098337,1.542292533442378,1.2058048080652952,10959.506613376752,67905.61,1562.3832308795463,2241.291236416979,3037.6954942232583,2446.0241250377244,1672.1125268192452
592,2,25.21215061098337,2.453659038990736,3.7291975086554885,10069.71042294879,61622.27,1421.264284479039,1922.3621431692147,2841.0327002693843,2149.5138614382604,1735.5374335928923
593,0,25.032419428229332,1.542292533442378,3.7291975086554885,8392.582909163675,62550.05,1576.639649396796,2011.3458562632359,1525.4772404714417,1805.9398791508074,1473.180283881394
594,0,23.896303141489625,1.012242402881384,3.6572901029139757,3306.4486537979906,64541.72,402.4771425895724,1227.9348585572764,409.82407713818424,1260.3660060760305,5.846569436926761
595,2,23.896303141489625,1.012242402881384,3.6572901029139757,4385.9599209347425,64900.05,309.93661189871386,1352.8304999490856,1411.9768468824425,1294.3475754122683,16.868386792232954
596,0,23.137321742251515,1.012242402881384,3.6572901029139757,3301.063524022367,64916.72,400.1109280732944,1226.6969785390838,409.0967794936822,1259.6460293773885,5.512808538918032
597,0,23.896303141489625,0.9020342249423265,3.6572901029139757,3409.844305195133,64947.27,422.81035206066866,1261.3107590579207,425.4873768263508,1293.5084164729456,6.727400777247572
598,0,23.896303141489625,1.012242402881384,1.5056453803554177,4020.13591406247,68458.39,552.5236697605719,1379.4469837472975,565.4434827881406,1457.661276620856,65.0605011456041
599,2,23.137321742251515,0.9020342249423265,1.5056453803554177,5205.650378952335,70072.28,467.88681251227985,1577.242265542642,1566.840585161093,1484.02550366766,109.65521206866043
600,0,24.674395620822906,0.5069650188088417,3.5133414128795266,7550.913110022295,66958.39,1354.1388011956678,2025.4123506446329,1267.4093836659615,1900.845821454859,1003.1067530611738
601,2,24.674395620822906,0.5069650188088417,3.5133414128795266,8708.827675842513,67408.39,1071.8576140214295,2003.9515108998032,2480.1651152202935,2108.890599290263,1043.9628364107236
602,0,23.91912115458399,0.5069650188088417,3.5133414128795266,3978.803536208694,67408.39,535.970817189664,1441.1435063734475,513.5001412700308,1474.4791075611697,13.709963814382014
603,0,24.674395620822906,1.9347243178635836,3.5133414128795266,6618.798752389189,62305.61,1172.684607318798,1706.6704904498094,1149.22605510615,1565.458647674063,1024.7589518403686
604,0,24.674395620822906,0.5069650188088417,3.4139148108661175,7566.842362255455,67058.39,1357.4864588271455,2029.8581915083826,1271.068598052543,1906.1600825756268,1002.2690312917565
605,2,23.91912115458399,1.9347243178635836,3.4139148108661175,3872.2682897621444,63077.83,254.36485396195712,1198.2756026294153,1275.0108316181008,1133.1806844104003,11.436317142271205
606,2,24.480618642643094,1.9640023335814476,1.4360877322033048,7243.35389663353,66516.72,899.038674657207,1727.2325120655191,2053.424553675098,1769.3920778093598,794.2660784263454
607,0,24.480618642643094,1.9640023335814476,1.4360877322033048,6191.2192682085815,66083.39,1056.948674143798,1691.359121127205,1062.1246119102254,1636.2765247603022,744.5103362670517
608,2,25.72715954389423,1.9640023335814476,1.4360877322033048,12533.654573927233,65855.61,1854.2598591553635,2395.7137865322366,3530.2426255005466,2661.6142536893935,2091.8240490496933
609,2,24.480618642643094,0.5134590994566679,1.4360877322033048,8388.185870664447,71911.17,1019.4270877617214,2067.192786908162,2363.9135469150187,2110.882934744657,826.769514334889
610,2,24.480618642643094,1.9640023335814476,1.1668550875037909,7445.0978499185185,67791.72,936.1228650019865,1781.401252015118,2094.840447679925,1817.1649133402784,815.5683718812102
611,0,25.72715954389423,0.5134590994566679,1.1668550875037909,12281.089676230742,71919.5,2419.233462367495,2894.9924189323738,2303.6355374693853,2654.2075080888503,2009.020749372638
612,3,25.467606941238046,1.3903863355517387,3.1152044432237744,11304.22348196936,63733.38,2035.1566596816567,1995.5778558708075,2096.286883952774,3286.517255156017,1890.684827308105
613,1,25.467606941238046,1.3903863355517387,3.1152044432237744,11113.158867559208,63875.05,1534.70296375669,3306.5639607077737,2334.8329064334034,2020.2867965195676,1916.7722401417734
614,3,24.57242035586387,1.3903863355517387,3.1152044432237744,7003.624876115257,64230.61,1190.912446154822,1135.6614122703886,1622.937070422996,2160.0441341584583,894.0698131085928
615,3,25.467606941238046,2.4075620733201504,3.1152044432237744,11041.061502008057,62294.49,1956.5404609903946,1970.8944958231439,2004.850416809596,3205.2773741508686,1903.4987542340539
616,3,25.467606941238046,1.3903863355517387,2.1514008212834597,11446.195602009568,65208.39,2060.2976467840163,2030.2109715184063,2165.850508114342,3322.7886845399084,1867.047791052895
617,1,24.57242035586387,2.4075620733201504,2.1514008212834597,6899.872807841524,64169.5,1046.6499643699008,2123.641830070054,1692.702685126991,1153.6171429759518,883.2611852986272
618,1,23.40029477328062,2.0818017199635506,1.8343150923028588,3752.586323962163,66094.5,641.3738068818515,1370.6612047551741,1200.4922980034364,495.9787017692617,44.08031255243965
619,2,23.40029477328062,2.0818017199635506,1.8343150923028588,4276.400388602993,65772.27,345.9691968354439,1317.2091951192856,1336.4278460198022,1220.058944365403,56.735206263057606
620,1,23.386317561380565,2.0818017199635506,1.8343150923028588,3752.3379369355966,66105.61,641.3693875549405,1370.439609644189,1200.478727413218,495.9719088065641,44.07830351668554
621,1,23.40029477328062,1.017301857471466,1.8343150923028588,4343.7474236170565,68622.28,767.7432504555699,1552.3412173158333,1365.394943359968,594.5783113450599,63.68970114062546
622,1,23.40029477328062,2.0818017199635506,2.892645940184593,3417.1261118639645,64111.16,556.4356951392641,1307.2590752004535,1126.7394184493476,415.70941881159695,10.982504263302607
623,2,23.386317561380565,1.017301857471466,2.892645940184593,4520.023308985973,66052.83,340.71085962775805,1394.6481753426276,1429.6530096893478,1325.7210949151338,29.290169411106476
624,1,24.957367897965014,1.3150367215275764,1.6364948069676757,9362.54867534511,67138.94,1409.4393991361583,2782.943626676137,2153.872769752655,1643.0539852417862,1373.2388945383739
625,1,24.957367897965014,1.3150367215275764,1.6364948069676757,9362.54867534511,67138.94,1409.4393991361583,2782.943626676137,2153.872769752655,1643.0539852417862,1373.2388945383739
626,1,23.208246333524585,1.3150367215275764,1.6364948069676757,4210.273908428883,68383.39,741.2550385988607,1497.7766742777205,1322.1985100898091,578.4583129982418,70.58537246425077
627,1,24.957367897965014,1.7698113452643156,1.6364948069676757,9187.013183230196,66116.72,1373.4334732044797,2723.411978392641,2099.825464365964,1619.3079612582428,1371.0343060088687
628,1,24.957367897965014,1.3150367215275764,3.545321712270379,8949.645365222863,63877.83,1284.5906466232282,2692.5761818340507,2020.2889555435474,1552.5928015602672,1399.5967796617697
629,1,23.208246333524585,1.7698113452643156,3.545321712270379,3411.4910302707453,63966.72,549.6300193757705,1317.5308192011128,1133.07281242278,405.5358078915236,5.721571379558636
630,2,24.028250611387193,2.1548854038119316,3.310003566555679,3978.638156354725,62847.27,280.6081860942952,1201.375602128321,1297.017117029488,1142.856060322255,56.78119078036627
631,3,24.028250611387193,2.1548854038119316,3.310003566555679,3409.6209832360596,63163.94,463.87777663661063,417.3806642448591,1158.3413435339235,1307.158346916073,62.86285190459384
632,2,25.145813424140215,2.1548854038119316,3.310003566555679,9878.75116342524,62266.72,1381.4072972894878,1926.6753423309515,2785.164925593181,2141.0504203282103,1644.4531778834103
633,2,24.028250611387193,0.6608010996133089,3.310003566555679,5034.966521634572,66872.28,403.2222959300914,1518.2651630566195,1574.248756578837,1464.967271357622,74.26303471140153
634,2,24.028250611387193,2.1548854038119316,1.315794326364994,4751.162882426711,67088.94,438.17022540947886,1415.70497140873,1438.469421365006,1313.8438221087426,144.97444213475322
635,3,25.145813424140215,0.6608010996133089,1.315794326364994,10976.29976744984,71186.17,1999.7199250395297,1903.5166608188108,2290.6098768110655,3190.7418500116223,1591.7114547688122
636,2,25.946868582628667,0.697724424302578,1.9884003726765513,13632.228951923995,67869.5,1992.3430058646306,2643.457813327199,3885.572747621393,2890.7561110071215,2220.09927410365
637,2,25.946868582628667,0.697724424302578,1.9884003726765513,13632.228951923995,67869.5,1992.3430058646306,2643.457813327199,3885.572747621393,2890.7561110071215,2220.09927410365
638,2,25.549090640619397,0.697724424302578,1.9884003726765513,12415.527211368671,68013.94,1774.7262492175844,2475.7996238267838,3490.804248027153,2707.089347689125,1967.1077426080246
639,2,25.946868582628667,2.258021354675293,1.9884003726765513,12906.897641977528,63744.5,1926.0327359185549,2388.7711885764065,3695.359536468297,2660.696655126073,2236.037525888198
640,2,25.946868582628667,0.697724424302578,2.3893636502325535,13523.128965324955,66983.39,1973.0602883891445,2606.6327228267623,3867.8085634626464,2848.821628494636,2226.8057621517646
641,2,25.549090640619397,2.258021354675293,2.3893636502325535,11579.507396319019,63111.16,1691.9956821897117,2180.7709374894575,3272.7186527703343,2437.0647716604253,1996.95735220909
642,1,23.138356753624976,1.77195356041193,2.958190537057817,3511.725661837824,64633.39,577.8351509816159,1334.460226017439,1155.9868696939714,431.65788131405344,11.785533830744253
643,1,23.138356753624976,1.77195356041193,2.958190537057817,3511.725661837824,64633.39,577.8351509816159,1334.460226017439,1155.9868696939714,431.65788131405344,11.785533830744253
644,1,24.49251762032509,1.77195356041193,2.958190537057817,6451.7139932076025,63805.61,973.7018846086346,2032.0462710568534,1624.8329599349588,1043.8065537576301,777.3263238495251
645,1,23.138356753624976,1.180506344884634,2.958190537057817,3841.5669251732666,65988.94,650.4481532543547,1435.719826060833,1249.6638910814622,488.1340983553845,17.600956421232464
646,1,23.138356753624976,1.77195356041193,3.1247036289423704,3479.072929565217,64433.38,568.8367488473579,1328.6014759142085,1148.7408729449273,423.2887725078193,9.605059350903458
647,1,24.49251762032509,1.180506344884634,3.1247036289423704,6696.700012809582,64933.39,1025.025222520372,2117.013970895888,1699.2691065775632,1078.1099854927534,777.2817273230055
648,0,25.359302959404886,2.2791230343282223,2.7300247251987457,9646.624047356512,62369.49,1864.0652714240814,2204.3762159993,1832.777689599609,1958.7798760436824,1786.6249942898392
649,0,25.359302959404886,2.2791230343282223,2.7300247251987457,9646.624047356512,62369.49,1864.0652714240814,2204.3762159993,1832.777689599609,1958.7798760436824,1786.6249942898392
650,0,23.685815691016614,2.2791230343282223,2.7300247251987457,2888.806804998287,63255.61,326.9080057272288,1067.8069088583395,363.44943776538804,1123.044011954745,7.598440692585694
651,0,25.359302959404886,2.154602598398924,2.7300247251987457,9669.607887457705,62497.27,1868.7190672228917,2212.6995268001738,1834.8564030181767,1968.1517953258779,1785.1810950905844
652,0,25.359302959404886,2.2791230343282223,1.9796085497364402,9789.400862930754,63597.27,1883.719224579416,2266.054671981751,1863.4671316149931,2023.723618892859,1752.4362158617341
653,0,23.685815691016614,2.154602598398924,1.9796085497364402,3175.38259660227,64705.61,386.46860126187846,1133.4844838882116,424.9880270780819,1206.8520116466436,23.589472727454826
654,2,23.67872099671513,1.1892732195556164,2.135908219963312,4610.626964187935,66597.28,372.0703828114293,1415.7945680497164,1437.3349151312498,1332.6632524034133,52.76384579212619
655,2,23.67872099671513,1.1892732195556164,2.135908219963312,4610.626964187935,66597.28,372.0703828114293,1415.7945680497164,1437.3349151312498,1332.6632524034133,52.76384579212619
656,2,24.832378053106368,1.1892732195556164,2.135908219963312,9034.754307888461,65847.27,1196.0455366887586,1956.7730580930158,2542.943562510852,2097.207859576585,1241.7842910192492
657,2,23.67872099671513,1.29559426009655,2.135908219963312,4532.15262516988,66291.72,363.03471520650834,1393.0570429512627,1416.715925901205,1308.8044412568458,50.54049985405769
658,2,23.67872099671513,1.1892732195556164,2.6914437944069505,4428.221385452192,65572.27,334.41644154748855,1365.7187056924377,1403.7914346205414,1292.7462377817815,31.548565809943213
659,2,24.832378053106368,1.29559426009655,2.6914437944069505,8834.029104757385,64575.05,1162.719427584076,1890.4732299596083,2496.5279164280446,2036.4462896923433,1247.862241093314
660,3,24.747732275165617,1.6457017175853252,3.831882167607546,7760.5985002360085,62977.83,1335.4763102586783,1289.9698454945044,1657.6502552962013,2339.8788948584975,1137.6231943281277
661,3,24.747732275165617,1.6457017175853252,3.831882167607546,7760.5985002360085,62977.83,1335.4763102586783,1289.9698454945044,1657.6502552962013,2339.8788948584975,1137.6231943281277
662,3,25.844970936886966,1.6457017175853252,3.831882167607546,12531.75480190679,62452.83,2265.9777081589245,2246.9699366890122,2193.2712459253507,3661.686374598724,2163.8495365347803
663,3,24.747732275165617,1.6271344441920519,3.831882167607546,7766.95904947491,63011.16,1336.828720552729,1290.810146997813,1659.846358730276,2342.039867995414,1137.4339551986773
664,3,24.747732275165617,1.6457017175853252,3.955120940692723,7748.498712152212,62891.72,1332.327406359384,1286.9024134629246,1652.7847842870353,2337.138011309211,1139.3460967336569
665,3,25.844970936886966,1.6271344441920519,3.955120940692723,12528.008174253839,62400.05,2263.8170320866884,2245.606253390004,2190.563544028338,3661.6266244938734,2166.394720254935
666,1,24.19068547990173,0.8214738331735134,1.0341413468122482,6211.38541327699,72580.61,1083.1177008689933,1995.0183688458033,1721.91143163013,971.1295489570778,440.2083629749856
667,1,24.19068547990173,0.8214738331735134,1.0341413468122482,6211.38541327699,72580.61,1083.1177008689933,1995.0183688458033,1721.91143163013,971.1295489570778,440.2083629749856
668,1,23.985674125142395,0.8214738331735134,1.0341413468122482,5135.7301004890505,72744.5,936.7584935598195,1741.5368537510583,1541.0205093778006,751.2091648117963,165.20507898857548
669,1,24.19068547990173,0.7996213417500257,1.0341413468122482,6236.621051100914,72708.39,1088.454531200244,2002.9189501169324,1728.9674224451296,974.9910742001389,441.2890731384685
670,1,24.19068547990173,0.8214738331735134,1.7490095971152186,5705.0995352014215,69225.06,970.2015599362525,1890.1562969126483,1612.890147414744,865.55474307201,366.29678786576767
671,1,23.985674125142395,0.7996213417500257,1.7490095971152186,4633.89532716622,69494.5,828.1797926009726,1643.7027238376588,1439.7317407014166,643.476172865478,78.80489716069397
672,1,24.822099652141333,2.2452102601528168,3.163556887768209,8056.508121328844,62769.49,1160.4778231719235,2429.054819762094,1846.8177655657398,1386.996885134324,1233.1608276947627
673,2,24.822099652141333,2.2452102601528168,3.163556887768209,8375.366800121963,62466.72,1108.8914214502859,1743.54288455579,2373.547742837613,1898.9891711732498,1250.3955801050242
674,1,24.73695237375796,2.2452102601528168,3.163556887768209,7618.2432585465385,62816.72,1105.942745538283,2315.1533499145507,1780.315785021546,1295.0040182048108,1121.8273598673488
675,1,24.822099652141333,1.4583190623670816,3.163556887768209,8275.840118762142,63977.83,1208.1065845031715,2506.568607365046,1919.3135445167147,1416.4953814866456,1225.3560008905636
676,1,24.822099652141333,2.2452102601528168,3.872692081145942,7986.953730139563,62191.72,1134.659515269054,2412.9487523354483,1820.1620468642154,1368.4434879604212,1250.7399277104234
677,2,24.73695237375796,1.4583190623670816,3.872692081145942,8116.414862738944,63041.72,1033.7380788314579,1744.0619401381123,2314.4239901373116,1880.0606532059094,1144.1302004261534
678,3,24.262946953997016,1.28818841278553,1.8884798837825656,5630.759660221923,66836.16,916.3278778717079,865.7743080968071,1547.1834846772235,1828.5764669653884,472.8975226107962
679,1,24.262946953997016,1.28818841278553,1.8884798837825656,5660.151211526539,66900.05,926.8140324344041,1850.7845134226095,1554.6599689844463,874.1180087920701,453.77468789300866
680,3,23.596259020268917,1.28818841278553,1.8884798837825656,4055.268579345901,67330.61,601.1834564324474,548.1699813170283,1366.2797567064954,1461.3723659458037,78.26301894412605
681,3,24.262946953997016,2.0993115957826376,1.8884798837825656,5278.786628111907,65330.61,837.720474377162,811.071248627622,1449.7480984042654,1716.7971409406516,463.44966576220537
682,3,24.262946953997016,1.28818841278553,1.643211935646832,5751.98702309422,67591.72,939.2823093589996,892.4219149278659,1580.5712593153614,1853.9446594625788,485.76688002941376
683,1,23.596259020268917,2.0993115957826376,1.643211935646832,3848.0882365040843,66505.61,663.0277712529357,1390.8666483655643,1219.6218146564236,517.3390108604071,57.23299136875338
684,2,25.33259610645473,1.8632540553808212,3.561645577661693,10705.828165939782,62316.72,1523.3041851661474,2038.6637852766041,3024.5161045095897,2272.8053713767076,1846.5387196107326
685,1,25.33259610645473,1.8632540553808212,3.561645577661693,10424.24468467165,62630.61,1431.8837518150165,3093.675507959231,2194.4823731344004,1883.9775426076687,1820.2255091553343
686,2,24.083653261885047,1.8632540553808212,3.561645577661693,4373.57106304342,62947.27,346.6060197947772,1261.4399733993287,1392.5298091685531,1223.817670148248,149.17759053251274
687,2,25.33259610645473,0.9464654214680195,3.561645577661693,11102.31046472639,64441.72,1554.0465386532233,2186.9331617473604,3135.1290883823385,2404.689654012186,1821.512021931281
688,2,25.33259610645473,1.8632540553808212,2.0619460130110383,10937.769658275989,64313.94,1568.3985007244855,2137.690275648533,3070.241933505172,2369.4692993268804,1791.9696490709193
689,1,24.083653261885047,0.9464654214680195,2.0619460130110383,4812.843698376285,67811.17,826.2011646793511,1676.5321807362109,1443.9521318533593,685.2160756686623,180.94214543870132
690,0,23.652837950736284,0.6718536019325256,1.4902986576780677,4411.567190756484,70450.06,628.5867077305014,1504.3348511899155,623.5212196090705,1577.1713939682054,77.95301825879048
691,3,23.652837950736284,0.6718536019325256,1.4902986576780677,4904.37224490317,71388.95,780.3109734815132,700.3070488228552,1588.2470650267737,1700.5686837762194,134.9384737958087
692,0,25.93710109218955,0.6718536019325256,1.4902986576780677,12437.767651984143,69061.17,2477.6629057840037,2857.4546215811843,2378.192550916304,2607.796748084448,2116.660825618203
693,0,23.652837950736284,1.6189512684941292,1.4902986576780677,3641.913819653829,67016.72,479.1619584886882,1255.642326662412,511.11972750418033,1340.661045384313,55.328761614235255
694,0,23.652837950736284,0.6718536019325256,2.7973332097753882,3863.0645405560745,67233.39,514.9301695289769,1387.9432796175804,507.07011538444925,1433.2064678076613,19.914508217406865
695,3,25.93710109218955,1.6189512684941292,2.7973332097753882,12901.317927447753,63480.61,2338.3909846288007,2325.0267108293665,2283.3831109728403,3775.8745445136124,2178.6425765031345
696,1,25.872960394248366,1.1604727394878864,1.3449292853474617,12976.361216038355,68388.94,1842.6739567981804,3851.94344380317,2730.6373029257034,2403.0878452922975,2148.018667219005
697,2,25.872960394248366,1.1604727394878864,1.3449292853474617,13328.350729929654,67975.05,1967.3759816220868,2578.853057361332,3762.8511049111003,2840.9632849336253,2178.307301101509
698,1,25.2438042787835,1.1604727394878864,1.3449292853474617,10822.95592008939,68636.17,1609.4928263445322,3181.6682639818277,2410.9313272663126,1941.7678383551922,1679.0956641415257
699,1,25.872960394248366,0.5930514261126518,1.3449292853474617,13417.015933504868,71480.61,1939.1595758045148,3995.786422577862,2868.8257251766513,2462.5503832655545,2150.6938266802863
700,1,25.872960394248366,1.1604727394878864,2.4944346230477095,12610.347278827761,65205.61,1725.381572599342,3790.9689831395344,2587.5902538810114,2339.7533227265944,2166.6531464812806
701,2,25.2438042787835,0.5930514261126518,2.4944346230477095,11277.065101986656,67783.39,1556.9561838298919,2327.918313702604,3164.9407053747946,2525.331927960004,1701.9179711193638
702,2,23.065272729843855,2.367493811994791,3.7906025908887386,3657.370118744843,62752.83,224.98977727196632,1136.6373401886528,1214.8277845660202,1074.9895467381066,5.925669980096492
703,1,23.065272729843855,2.367493811994791,3.7906025908887386,3179.041649155786,63077.83,496.3137993509811,1249.6252863077457,1068.353674464004,362.20455654459016,2.544332488465292
704,2,23.30036460328847,2.367493811994791,3.7906025908887386,3661.2695436376666,62633.38,225.14552292062103,1136.729396341531,1217.8037667087335,1075.4072387020956,6.1836189646857775
705,2,23.065272729843855,1.984042052179575,3.7906025908887386,3778.7456963122822,63175.05,238.771173585837,1173.5415884426106,1246.7991966303127,1112.639219363764,6.994518289758053
706,2,23.065272729843855,2.367493811994791,3.2064057774841785,3753.807936995043,63291.72,246.20584043185593,1167.7109926018777,1231.9725436301342,1097.072822901913,10.845737429261817
707,1,23.30036460328847,1.984042052179575,3.2064057774841785,3387.3603859535488,63933.38,546.9998654282183,1304.4321757384482,1122.4698489366313,405.78255385215414,7.675941998096522
708,2,24.984533939510584,0.7936489321291447,2.493066143244505,9950.194703322748,66655.61,1334.7898779891307,2113.8186656603966,2797.09988304079,2279.541013153084,1424.9452634793465
709,0,24.984533939510584,0.7936489321291447,2.493066143244505,8794.820299923553,66211.16,1646.947492537211,2191.4660280624394,1571.2766518901005,2014.0446500786445,1371.0854773551573
710,2,24.39710312243551,0.7936489321291447,2.493066143244505,7083.555944343255,67002.83,805.467795269481,1767.242553533454,2050.38084403944,1804.0479367939324,656.4168147069466
711,2,24.984533939510584,1.0656412150710821,2.493066143244505,9721.048140219571,65483.39,1313.0931648854776,2037.799841683395,2734.480500461967,2208.908054338,1426.766578850731
712,2,24.984533939510584,0.7936489321291447,3.440158985555172,9786.23951557777,65408.39,1301.6325879574338,2056.96745803892,2762.9408781421575,2225.835283247642,1438.8633081916166
713,0,24.39710312243551,1.0656412150710821,3.440158985555172,5557.190091485863,64266.72,914.6698054199505,1598.770360774636,888.9695552774489,1529.9299873835976,624.8503826302307
714,1,24.0533111076802,1.7350500412285328,2.642375163733959,3939.4927988794334,64550.05,645.2090718077305,1442.431503525271,1229.8483054116093,519.6422663894803,102.36165174534267
715,2,24.0533111076802,1.7350500412285328,2.642375163733959,4433.029336223729,64194.5,358.7664983928748,1313.0657537858415,1398.0971429411895,1252.095417191557,111.00452391226538
716,1,25.459522978402674,1.7350500412285328,2.642375163733959,11043.089057824302,63769.5,1532.3238938840984,3274.0173503108294,2321.4780629686484,2015.470237767996,1899.7995128927282
717,1,24.0533111076802,2.488125154748559,2.642375163733959,3700.2228145549875,63597.27,592.6715482491005,1368.8975723293208,1161.0111208082435,479.1242060630946,98.51836710522791
718,1,24.0533111076802,1.7350500412285328,1.2341835740953684,4588.542032255082,68444.5,798.914513274817,1568.3649598663105,1370.386087929599,667.0432452136278,183.83322597072734
719,2,25.459522978402674,2.488125154748559,1.2341835740953684,11632.127853342152,66230.61,1705.2760832192407,2272.5966283516364,3239.6183486303516,2520.533230661419,1894.1035624795036
720,1,25.587561841122806,0.970626313239336,3.9681252483278513,11648.720996510652,64358.38,1591.987348728719,3491.384209468467,2423.233346222117,2118.703641707333,2023.4124503840167
721,1,25.587561841122806,0.970626313239336,3.9681252483278513,11648.720996510652,64358.38,1591.987348728719,3491.384209468467,2423.233346222117,2118.703641707333,2023.4124503840167
722,1,25.634661830961704,0.970626313239336,3.9681252483278513,11807.626114648547,64341.72,1608.3961339157745,3542.881953409907,2444.47839267483,2153.8873217674454,2057.9823128805892
723,1,25.587561841122806,0.7403942979872227,3.9681252483278513,11807.608221207574,65450.05,1630.5496742716018,3547.349765299156,2480.095661538293,2138.7398113070703,2010.8733087914538
724,1,25.587561841122806,0.970626313239336,2.257284492254257,11869.848339439923,66436.16,1673.6191591546456,3536.504938290459,2521.0712726433026,2163.7251699095314,1974.9277994419817
725,1,25.634661830961704,0.7403942979872227,2.257284492254257,12199.051632564855,67597.28,1728.960919709908,3644.985767928361,2599.9636597420435,2220.5862438058202,2004.5550413787219
726,2,23.521073502488434,1.5604606606066227,1.164478024467826,4974.519401945364,69277.83,462.7477071745725,1499.8981564054347,1488.3023741881916,1389.162097604967,134.40906657219818
727,2,23.521073502488434,1.5604606606066227,1.164478024467826,4974.519401945364,69277.83,462.7477071745725,1499.8981564054347,1488.3023741881916,1389.162097604967,134.40906657219818
728,2,23.820777321234345,1.5604606606066227,1.164478024467826,4978.303125088281,69027.83,462.83010357996045,1500.0453063057598,1491.5626175220546,1389.4283432020088,134.43675447849824
729,2,23.521073502488434,1.8191282078623772,1.164478024467826,4850.605825429019,68775.06,448.8188617642604,1464.7566400851665,1455.377057568725,1351.8366951405353,129.81657087033204
730,2,23.521073502488434,1.5604606606066227,2.9749777037650347,4116.094053782048,64391.72,291.80247740430224,1274.508153249144,1325.965479691234,1203.959818758803,19.858124678564817
731,2,23.820777321234345,1.8191282078623772,2.9749777037650347,4001.5381523803967,63763.94,278.1896296306709,1238.6143961399944,1299.5562095318858,1167.04469946326,18.133217614585682
732,2,24.50870602298528,1.1025825180113316,2.866219526156783,7294.727874931652,65077.83,866.7728428280179,1721.7054697477067,2100.8882591481342,1792.8392522580416,812.5220509497508
733,3,24.50870602298528,1.1025825180113316,2.866219526156783,6863.025055849698,65366.72,1166.383996623483,1099.94303318696,1650.2721520929238,2139.8191245173102,806.6067494290211
734,2,23.475506495684385,1.1025825180113316,2.866219526156783,4451.026127594354,65727.83,333.17229110099726,1373.79532105345,1411.6221188752124,1304.0186336849758,28.417762879718474
735,2,24.50870602298528,1.228844651952386,2.866219526156783,7208.102072259158,64697.27,857.8718391967873,1694.218113394339,2077.1212562063342,1766.2173989331734,812.6734645285254
736,2,24.50870602298528,1.1025825180113316,3.3081228490918875,7215.475949127946,64563.94,850.0382533458962,1695.6632760411055,2084.2461424969833,1771.2228207924118,814.3054564515489
737,3,23.475506495684385,1.228844651952386,3.3081228490918875,3650.040580630267,65133.39,522.3676153461965,454.89238933555924,1257.1783527153846,1388.1872766778008,27.41494655532568
738,0,24.312823119573295,2.426795471459627,2.266291031613946,4814.943460621637,63466.72,760.502899111568,1405.5862060992336,777.0064507486978,1376.9310090235256,494.916895638612
739,1,24.312823119573295,2.426795471459627,2.266291031613946,5392.110190237835,64094.5,840.7742615322006,1756.250935496025,1447.2223569876217,837.0580423481059,510.80459387388134
740,0,24.66748115979135,2.426795471459627,2.266291031613946,6694.532016736885,63263.94,1186.8101552919443,1730.0078923680846,1181.514565486281,1606.272644320846,989.9267592697295
741,0,24.312823119573295,2.3385854866355658,2.266291031613946,4834.629619468384,63550.05,764.2654913168852,1412.1819279104968,779.6867009254964,1383.510516378424,494.9849829370811
742,0,24.312823119573295,2.426795471459627,1.0844319723546505,5453.799116689159,67319.5,885.7296118217782,1555.8877018070925,912.1721156088909,1561.919830351534,538.0898570998629
743,1,24.66748115979135,2.3385854866355658,1.0844319723546505,7959.615695819501,67933.39,1252.0679345844378,2371.2726504713914,1917.6029238373437,1373.165012213314,1045.507174713013
744,0,25.093021121807396,1.9361621737480164,2.0396342361345887,8807.194912643432,64008.38,1659.9677907654734,2114.8493061802787,1633.6223796678403,1908.9125389941194,1489.8428970357206
745,1,25.093021121807396,1.9361621737480164,2.0396342361345887,9617.147428348355,64686.16,1395.6943990552177,2846.8729513833046,2135.252555781261,1714.773460660766,1524.554061467804
746,0,25.3856801437214,1.9361621737480164,2.0396342361345887,9937.729645775753,63861.16,1917.7208430247479,2299.2587231570706,1888.15042804768,2057.489439093343,1775.1102124529114
747,0,25.093021121807396,1.3712793048471212,2.0396342361345887,8995.347164579833,65019.5,1697.7042595944047,2179.063035131047,1653.8397915717742,1978.7350711865163,1486.0050070960904
748,0,25.093021121807396,1.9361621737480164,3.6475810119882226,8555.852740488894,61991.72,1618.5169292041178,2016.9830344549764,1574.762058549424,1798.7426320281752,1546.848086252201
749,1,25.3856801437214,1.3712793048471212,3.6475810119882226,10762.020861940342,63452.83,1482.7975010116954,3204.393005231301,2270.168836628447,1943.019459243598,1861.6420598253007
750,2,23.775068084709346,0.5963286012411118,3.015331161208451,5047.920709092436,67844.5,399.7917865755356,1548.357154933092,1575.6499653112396,1484.8224394953997,39.299362777168604
751,2,23.775068084709346,0.5963286012411118,3.015331161208451,5047.920709092436,67844.5,399.7917865755356,1548.357154933092,1575.6499653112396,1484.8224394953997,39.299362777168604
752,2,24.28076799493283,0.5963286012411118,3.015331161208451,6610.760934797501,67508.39,693.322715246928,1739.4733626105997,1946.6335916612682,1750.3405329322832,480.99073234642196
753,2,23.775068084709346,2.2000151220709085,3.015331161208451,3855.269469546206,63258.38,260.924428830026,1195.106118086402,1261.5684228666262,1122.5438955011023,15.126604262049721
754,2,23.775068084709346,0.5963286012411118,1.400476953946054,5720.456400609196,71894.5,532.1526031194616,1718.116690078854,1703.5095784977284,1629.0354629221601,137.64206599099188
755,2,24.28076799493283,2.2000151220709085,1.400476953946054,6110.99842543136,66475.05,694.5131350384156,1577.681039350431,1767.390155827684,1558.7251869017548,512.688908313075
756,3,25.799806940369308,2.052985981106758,1.6877769501879811,12532.00012990373,65097.27,2244.9160513649344,2269.140376128891,2291.590796831686,3644.4475665676023,2081.905339010617
757,2,25.799806940369308,2.052985981106758,1.6877769501879811,12620.953527226862,64830.61,1871.7904084481784,2380.455887515533,3578.1832683519415,2648.5850781955287,2141.93888471568
758,3,23.044835747219622,2.052985981106758,1.6877769501879811,3789.138443676222,66888.94,542.5689533315315,510.352807089801,1295.7230880477273,1360.9119475517136,79.58164765544839
759,3,25.799806940369308,0.8440514877438545,1.6877769501879811,13100.808492300028,68238.94,2417.6009221007694,2331.5625983223067,2464.7786011193016,3805.047107273711,2081.81926348394
760,3,25.799806940369308,2.052985981106758,1.9177789939567447,12474.104246479492,64455.61,2235.420682619058,2256.788866386729,2263.107573176319,3631.709680576099,2087.0774437212854
761,2,23.044835747219622,0.8440514877438545,1.9177789939567447,5036.904010365432,69002.83,429.77274282803745,1537.6146583478424,1539.276842629004,1454.0367851056483,76.20298145490061
762,1,23.35538909304887,1.47877237200737,3.3670980567112565,3580.299031831385,64602.83,588.1432203681416,1367.522014019463,1178.9154441658766,436.75053610527453,8.967817172629195
763,0,23.35538909304887,1.47877237200737,3.3670980567112565,3043.0891041631608,63836.16,352.0024077586993,1136.063196473393,374.5741279587988,1175.5914493894957,4.857922582773769
764,1,24.93406370934099,1.47877237200737,3.3670980567112565,8791.114328233038,63669.5,1263.5090412690818,2643.4269114265503,1989.263809881475,1524.9826035356593,1369.9319621202717
765,1,23.35538909304887,1.7037942297756672,3.3670980567112565,3471.399968964468,64163.94,563.8411599988005,1334.3646470988351,1147.7936205921994,417.8339995324877,7.566541742145159
766,1,23.35538909304887,1.47877237200737,2.658979800529778,3724.0564760975594,65483.39,626.5611940943551,1393.9342968989056,1211.2444019225688,472.4892542403415,19.827328941388032
767,0,24.93406370934099,1.7037942297756672,2.658979800529778,8050.435663974059,63386.16,1492.5243120272564,1976.6213131615925,1458.516705751819,1793.2685750987318,1329.5047579346594
